Date,Price,Open,High,Low,Vol.,Change %,7_day_MA,14_day_MA,21_day_MA,7_day_STD,price_lag1,price_lag2,price_lag3
2021-07-12,33.62,33.5,33.62,32.73,7.62M,7.50%,33.528571428571425,35.80428571428571,38.98095238095238,0.3201264631063056,33.62,33.62,33.62
2021-07-13,33.39,35.45,35.91,33.28,19.38M,-0.68%,33.528571428571425,35.80428571428571,38.98095238095238,0.3201264631063056,33.62,33.62,33.62
2021-07-14,33.23,33.65,33.95,31.91,11.89M,-0.49%,33.528571428571425,35.80428571428571,38.98095238095238,0.3201264631063056,33.39,33.62,33.62
2021-07-15,33.32,33.65,34.8,33.27,7.95M,0.27%,33.528571428571425,35.80428571428571,38.98095238095238,0.3201264631063056,33.23,33.39,33.62
2021-07-16,33.24,33.48,33.8,33.05,4.18M,-0.25%,33.528571428571425,35.80428571428571,38.98095238095238,0.3201264631063056,33.32,33.23,33.39
2021-07-19,33.86,33.23,34.4,32.75,5.05M,1.89%,33.528571428571425,35.80428571428571,38.98095238095238,0.3201264631063056,33.24,33.32,33.23
2021-07-23,34.04,34.18,34.55,33.79,3.71M,0.51%,33.528571428571425,35.80428571428571,38.98095238095238,0.3201264631063056,33.86,33.24,33.32
2021-07-26,34.65,34.09,35.31,34.04,7.24M,1.79%,33.675714285714285,35.80428571428571,38.98095238095238,0.5342551557341993,34.04,33.86,33.24
2021-07-27,35.69,34.95,36.59,34.82,13.93M,3.02%,34.004285714285714,35.80428571428571,38.98095238095238,0.9066946774384668,34.65,34.04,33.86
2021-07-28,35.54,35.82,36.31,35.01,5.84M,-0.43%,34.33428571428571,35.80428571428571,38.98095238095238,0.9940800964184172,35.69,34.65,34.04
2021-07-29,36.45,35.36,36.8,34.92,6.83M,2.58%,34.78142857142857,35.80428571428571,38.98095238095238,1.1530456563875986,35.54,35.69,34.65
2021-07-30,38.71,37.14,39.09,36.91,10.09M,6.18%,35.56285714285714,35.80428571428571,38.98095238095238,1.6713439131999464,36.45,35.54,35.69
2021-08-02,41.61,40.0,41.61,40.0,4.70M,7.49%,36.67,35.80428571428571,38.98095238095238,2.64096573245471,38.71,36.45,35.54
2021-08-03,43.91,43.64,44.64,41.86,17.62M,5.53%,38.08,35.80428571428571,38.98095238095238,3.4983853418398687,41.61,38.71,36.45
2021-08-04,43.14,44.32,44.45,42.83,5.51M,-1.76%,39.29285714285714,36.48428571428571,38.98095238095238,3.581753361533597,43.91,41.61,38.71
2021-08-05,46.56,43.32,46.56,42.75,8.37M,7.95%,40.84571428571429,37.425,38.98095238095238,4.080951102961415,43.14,43.91,41.61
2021-08-06,46.45,48.91,50.05,45.45,16.70M,-0.23%,42.40428571428572,38.36928571428571,38.98095238095238,3.789863045647162,46.56,43.14,43.91
2021-08-09,44.55,47.23,47.49,44.36,9.35M,-4.11%,43.56142857142857,39.17142857142857,38.98095238095238,2.7675526407003863,46.45,46.56,43.14
2021-08-10,46.64,44.6,47.14,44.19,9.32M,4.69%,44.69428571428572,40.12857142857143,38.98095238095238,1.9542164426598083,44.55,46.45,46.56
2021-08-11,45.0,47.18,47.32,45.0,6.24M,-3.51%,45.17857142857143,40.92428571428571,38.98095238095238,1.405506178943253,46.64,44.55,46.45
2021-08-12,45.0,45.55,46.27,44.74,4.07M,0.00%,45.33428571428572,41.707142857142856,38.98095238095238,1.297791163770945,45.0,46.64,44.55
2021-08-13,45.71,45.18,47.27,44.87,8.22M,1.58%,45.70142857142857,42.49714285714286,39.556666666666665,0.8648974615800689,45.0,45.0,46.64
2021-08-16,45.25,46.14,46.22,44.91,4.12M,-0.99%,45.51428571428572,43.18,40.12142857142857,0.786317517352419,45.71,45.0,45.0
2021-08-17,45.14,45.27,45.73,45.01,1.90M,-0.26%,45.32714285714285,43.86571428571428,40.68857142857143,0.6744309770889686,45.25,45.71,45.0
2021-08-20,44.4,45.27,45.32,44.27,2.59M,-1.63%,45.30571428571428,44.43357142857143,41.21619047619048,0.7049316076248883,45.14,45.25,45.71
2021-08-23,44.64,44.5,46.17,44.05,5.76M,0.53%,45.02,44.85714285714285,41.75904761904762,0.4228869037146655,44.4,45.14,45.25
2021-08-24,44.45,44.99,45.4,44.33,1.77M,-0.43%,44.94142857142857,45.06,42.263333333333335,0.4750939756662156,44.64,44.4,45.14
2021-08-25,44.64,45.0,45.09,44.55,1.74M,0.43%,44.89,45.112142857142864,42.76809523809524,0.487031826475484,44.45,44.64,44.4
2021-08-26,44.09,44.68,45.26,44.09,1.89M,-1.22%,44.65857142857143,45.18,43.217619047619046,0.4114781716134357,44.64,44.45,44.64
2021-08-27,43.17,44.09,44.26,42.74,2.14M,-2.08%,44.36142857142857,44.93785714285714,43.57380952380953,0.6142591356376755,44.09,44.64,44.45
2021-08-30,43.84,43.52,44.41,43.24,1.82M,1.54%,44.175714285714285,44.75142857142857,43.969047619047615,0.5304355802187184,43.17,44.09,44.64
2021-08-31,47.08,44.0,47.08,44.0,10.76M,7.40%,44.55857142857143,44.932142857142864,44.4752380952381,1.2279173231048592,43.84,43.17,44.09
2021-09-01,48.64,48.18,49.68,48.09,8.28M,3.30%,45.13,45.075,44.94809523809524,1.975364945185243,47.08,43.84,43.17
2021-09-02,48.09,48.91,49.36,47.83,5.71M,-1.12%,45.65,45.29571428571429,45.25666666666667,2.2293048243791187,48.64,47.08,43.84
2021-09-03,47.12,48.63,48.73,46.84,3.40M,-2.02%,46.00428571428572,45.44714285714286,45.40952380952381,2.239083571038659,48.09,48.64,47.08
2021-09-06,45.77,47.17,47.18,45.39,2.16M,-2.86%,46.24428571428571,45.45142857142857,45.53476190476191,2.084393254185789,47.12,48.09,48.64
2021-09-07,45.45,45.68,46.17,44.23,3.26M,-0.70%,46.57,45.46571428571429,45.481904761904765,1.658573684424854,45.77,47.12,48.09
2021-09-08,46.86,45.73,47.27,45.27,4.42M,3.10%,47.00142857142857,45.58857142857143,45.501428571428576,1.1426202135359302,45.45,45.77,47.12
2021-09-09,47.5,47.18,49.71,47.05,9.63M,1.36%,47.06142857142857,45.81,45.64190476190476,1.1583526891154057,46.86,45.45,45.77
2021-09-10,47.69,47.7,48.64,47.45,4.22M,0.40%,46.92571428571428,46.02785714285715,45.69190476190476,0.9853063338010764,47.5,46.86,45.45
2021-09-13,44.45,48.45,48.95,44.12,9.30M,-6.79%,46.40571428571429,46.02785714285714,45.66571428571429,1.2045588008735315,47.69,47.5,46.86
2021-09-14,43.82,43.64,44.49,42.86,5.47M,-1.43%,45.934285714285714,45.96928571428572,45.60952380952381,1.4902892017195557,44.45,47.69,47.5
2021-09-15,44.2,43.95,44.77,43.78,2.37M,0.87%,45.71,45.97714285714285,45.53761904761905,1.6306644862345798,43.82,44.45,47.69
2021-09-16,44.9,44.45,46.0,44.45,4.58M,1.58%,45.631428571428565,46.10071428571429,45.52095238095238,1.6582966016511174,44.2,43.82,44.45
2021-09-17,43.86,44.98,45.17,43.68,2.46M,-2.31%,45.20285714285715,46.10214285714286,45.46,1.6754373984695845,44.9,44.2,43.82
2021-09-20,43.95,43.99,44.23,43.42,1.07M,0.21%,44.69571428571429,45.87857142857143,45.43857142857143,1.3744678623969304,43.86,44.9,44.2
2021-09-21,42.27,44.0,44.67,42.27,2.03M,-3.83%,43.92142857142858,45.42357142857143,45.32571428571429,0.8222616893145457,43.95,43.86,44.9
2021-09-22,41.23,42.95,42.95,39.74,5.07M,-2.47%,43.46142857142856,44.93357142857143,45.17238095238096,1.2609444683970428,42.27,43.95,43.86
2021-09-23,39.68,41.23,42.27,39.14,3.12M,-3.75%,42.87,44.40214285714286,44.93619047619048,1.8824629257084569,41.23,42.27,43.95
2021-09-24,39.75,39.32,40.64,38.91,2.25M,0.16%,42.23428571428571,43.972142857142856,44.72952380952381,2.097560941847008,39.68,41.23,42.27
2021-09-27,38.64,39.74,40.43,37.74,2.07M,-2.79%,41.34,43.48571428571429,44.51380952380952,2.106070590776476,39.75,39.68,41.23
2021-09-28,41.45,38.73,41.45,38.73,2.52M,7.27%,40.99571428571429,43.09928571428571,44.400000000000006,1.800239402069114,38.64,39.75,39.68
2021-09-29,39.55,42.09,42.55,39.27,3.74M,-4.58%,40.36714285714286,42.53142857142858,44.04142857142857,1.2936861325391469,41.45,38.64,39.75
2021-09-30,40.36,39.59,41.36,38.83,4.27M,2.07%,40.09428571428572,42.00785714285714,43.64714285714286,0.9916124434957118,39.55,41.45,38.64
2021-10-01,40.5,40.95,41.18,40.01,2.37M,0.34%,39.99,41.72571428571429,43.285714285714285,0.8849105416181752,40.36,39.55,41.45
2021-10-04,40.99,40.32,41.31,39.1,1.94M,1.21%,40.17714285714286,41.52357142857142,42.99380952380952,0.9449111825232246,40.5,40.36,39.55
2021-10-05,40.81,40.92,41.64,40.51,1.89M,-0.44%,40.32857142857143,41.28142857142858,42.75761904761905,0.9499724306778096,40.99,40.5,40.36
2021-10-06,39.55,40.73,41.0,39.55,1.38M,-3.10%,40.45857142857143,40.89928571428571,42.47666666666667,0.7131252477986588,40.81,40.99,40.5
2021-10-07,39.45,39.95,40.5,39.45,1.06M,-0.23%,40.17285714285715,40.58428571428572,42.12380952380952,0.6473204844001996,39.55,40.81,40.99
2021-10-08,39.19,40.32,40.32,39.04,876.15K,-0.67%,40.121428571428574,40.24428571428572,41.72809523809524,0.7157380473198667,39.45,39.55,40.81
2021-10-11,38.05,39.32,39.32,37.73,661.65K,-2.92%,39.791428571428575,39.94285714285714,41.26904761904762,1.044452465352676,39.19,39.45,39.55
2021-10-12,37.73,37.78,38.9,37.27,1.14M,-0.84%,39.39571428571429,39.69285714285714,40.94904761904762,1.23804761813198,38.05,39.19,39.45
2021-10-13,37.33,38.17,38.81,37.27,1.03M,-1.06%,38.87285714285714,39.52499999999999,40.64,1.2253123994275423,37.73,38.05,39.19
2021-10-14,39.09,37.64,39.36,37.34,2.75M,4.72%,38.62714285714286,39.47785714285714,40.39666666666667,0.9018816309199896,37.33,37.73,38.05
2021-10-15,39.37,38.91,41.13,38.82,5.51M,0.72%,38.60142857142857,39.53,40.13333333333333,0.8732969821590164,39.09,37.33,37.73
2021-10-18,37.5,38.49,39.75,37.0,3.18M,-4.76%,38.32285714285714,39.24785714285714,39.83047619047619,0.8684989788082209,39.37,39.09,37.33
2021-10-20,36.7,37.62,38.25,36.7,2.20M,-2.13%,37.96714285714285,39.044285714285714,39.485238095238095,0.9593177138940716,37.5,39.37,39.09
2021-10-21,36.05,36.81,37.55,35.8,2.20M,-1.77%,37.68142857142857,38.73642857142857,39.18904761904762,1.1985328332513243,36.7,37.5,39.37
2021-10-22,36.23,36.16,36.48,35.1,1.17M,0.50%,37.46714285714285,38.43142857142857,38.95095238095238,1.3166714888400686,36.05,36.7,37.5
2021-10-25,36.25,36.3,36.41,35.52,563.00K,0.06%,37.31285714285714,38.09285714285714,38.787619047619046,1.3962893000823051,36.23,36.05,36.7
2021-10-26,36.5,36.2,37.35,36.0,974.50K,0.69%,36.94285714285714,37.785,38.63285714285714,1.1720312038754324,36.25,36.23,36.05
2021-10-27,36.85,37.25,37.45,36.8,1.03M,0.96%,36.58285714285714,37.59214285714285,38.54761904761905,0.4919930313101277,36.5,36.25,36.23
2021-10-28,36.32,37.1,37.34,36.31,837.00K,-1.44%,36.41428571428572,37.36857142857143,38.303333333333335,0.2832464852900583,36.85,36.5,36.25
2021-10-29,35.8,36.89,36.89,35.7,1.03M,-1.43%,36.285714285714285,37.12642857142857,38.124761904761904,0.3320068846111212,36.32,36.85,36.5
2021-11-01,36.95,36.3,37.4,36.29,1.72M,3.21%,36.41428571428572,37.04785714285714,37.96238095238096,0.3939905727668782,35.8,36.32,36.85
2021-11-02,36.75,37.25,37.5,36.7,1.39M,-0.54%,36.48857142857143,36.97785714285715,37.78380952380952,0.4023857424348947,36.95,35.8,36.32
2021-11-03,36.55,36.88,37.07,36.48,850.00K,-0.54%,36.53142857142857,36.92214285714285,37.57238095238095,0.3884768792539372,36.75,36.95,35.8
2021-11-04,39.38,36.78,39.38,36.6,3.82M,7.74%,36.94285714285714,36.94285714285714,37.504285714285714,1.1426535532950068,36.55,36.75,36.95
2021-11-05,39.34,39.25,40.75,39.14,2.78M,-0.10%,37.29857142857143,36.940714285714286,37.49428571428572,1.4540681846855814,39.38,36.55,36.75
2021-11-08,38.75,39.5,40.19,38.5,1.97M,-1.50%,37.64571428571429,37.03,37.46095238095239,1.4714715666396954,39.34,39.38,36.55
2021-11-09,36.1,38.95,38.95,35.9,2.41M,-6.84%,37.68857142857143,36.987142857142864,37.313809523809525,1.411918654071398,38.75,39.34,39.38
2021-11-10,36.71,36.21,37.1,36.21,707.50K,1.69%,37.65428571428571,37.03428571428572,37.25,1.4355586269564462,36.1,38.75,39.34
2021-11-11,36.45,37.01,37.59,36.26,841.50K,-0.71%,37.61142857142857,37.05,37.18904761904762,1.47109288820074,36.71,36.1,38.75
2021-11-12,36.17,36.8,36.8,35.8,1.12M,-0.77%,37.557142857142864,37.044285714285714,37.13380952380952,1.5228888587782723,36.45,36.71,36.1
2021-11-15,35.8,36.4,36.4,35.75,891.00K,-1.02%,37.04571428571429,36.99428571428571,36.97714285714286,1.405285939383559,36.17,36.45,36.71
2021-11-16,36.72,35.99,36.9,35.99,1.45M,2.57%,36.67142857142857,36.985,36.85095238095239,0.975592615993758,35.8,36.17,36.45
2021-11-17,36.07,36.71,36.75,35.8,879.50K,-1.77%,36.28857142857142,36.96714285714286,36.78285714285715,0.3478231625144795,36.72,35.8,36.17
2021-11-18,35.66,36.21,36.4,35.46,621.50K,-1.14%,36.22571428571428,36.957142857142856,36.73333333333333,0.4198752649250313,36.07,36.72,35.8
2021-11-19,35.71,35.75,36.3,35.6,665.50K,0.14%,36.08285714285714,36.86857142857144,36.71714285714285,0.3971445700553485,35.66,36.07,36.72
2021-11-22,35.48,35.4,36.15,35.16,964.50K,-0.64%,35.94428571428571,36.77785714285714,36.681428571428576,0.4164475614398792,35.71,35.66,36.07
2021-11-23,34.5,35.55,35.9,34.5,727.50K,-2.76%,35.705714285714286,36.63142857142857,36.59809523809524,0.6679784712817564,35.48,35.71,35.66
2021-11-24,34.0,34.2,34.84,33.5,1.01M,-1.45%,35.44857142857143,36.24714285714286,36.47904761904762,0.9232989507097118,34.5,35.48,35.71
2021-11-25,33.96,34.39,34.44,33.81,391.50K,-0.12%,35.05428571428571,35.862857142857145,36.34142857142857,0.8780633451499864,34.0,34.5,35.48
2021-11-26,34.2,34.0,34.6,33.9,635.00K,0.71%,34.787142857142854,35.53785714285714,36.24047619047619,0.7983882573814473,33.96,34.0,34.5
2021-11-29,34.64,34.0,35.4,33.71,1.37M,1.29%,34.64142857142857,35.43357142857143,36.18523809523809,0.6994862059981912,34.2,33.96,34.0
2021-11-30,34.27,34.99,35.75,34.02,1.58M,-1.07%,34.43571428571429,35.25928571428572,36.05761904761904,0.5221065390282447,34.64,34.2,33.96
2021-12-01,34.3,34.44,34.99,34.2,746.00K,0.09%,34.26714285714286,35.105714285714285,35.94095238095238,0.2464896404678627,34.27,34.64,34.2
2021-12-02,31.78,34.3,34.3,31.78,1.38M,-7.35%,33.878571428571426,34.792142857142856,35.71380952380952,0.952127942583605,34.3,34.27,34.64
2021-12-03,30.0,31.01,32.38,29.76,1.10M,-5.60%,33.30714285714286,34.37785714285714,35.26714285714286,1.7407921021357091,31.78,34.3,34.27
2021-12-06,30.69,31.1,31.23,30.0,691.00K,2.30%,32.84,33.94714285714286,34.8552380952381,1.9611986130937769,30.0,31.78,34.3
2021-12-07,31.5,30.8,31.6,30.65,818.00K,2.64%,32.45428571428572,33.620714285714286,34.510000000000005,1.9140868766671888,30.69,30.0,31.78
2021-12-08,30.95,31.5,31.75,30.8,659.00K,-1.75%,31.92714285714285,33.28428571428571,34.264761904761905,1.70893450514002,31.5,30.69,30.0
2021-12-09,29.82,30.75,30.95,29.75,564.00K,-3.65%,31.29142857142857,32.86357142857143,33.93666666666667,1.508027724893905,30.95,31.5,30.69
2021-12-10,30.4,29.99,31.74,29.8,1.14M,1.95%,30.734285714285715,32.50071428571429,33.64857142857143,0.7320258907736922,29.82,30.95,31.5
2021-12-13,29.2,30.15,30.18,29.05,824.00K,-3.95%,30.365714285714287,32.122142857142855,33.31666666666667,0.7664606348424199,30.4,29.82,30.95
2021-12-14,30.1,29.12,30.35,29.0,786.50K,3.08%,30.38,31.84357142857143,33.04523809523809,0.7594076639072979,29.2,30.4,29.82
2021-12-15,32.45,30.95,32.45,30.19,2.05M,7.81%,30.63142857142857,31.735714285714288,32.841904761904765,1.0959383889535372,30.1,29.2,30.4
2021-12-16,31.45,32.69,32.7,31.26,1.42M,-3.08%,30.624285714285715,31.539285714285715,32.621904761904766,1.0894778128824043,32.45,30.1,29.2
2021-12-17,31.48,31.15,31.8,31.1,372.00K,0.10%,30.7,31.31357142857143,32.42285714285714,1.133416663603659,31.45,32.45,30.1
2021-12-20,32.25,31.88,32.79,31.4,954.50K,2.45%,31.04714285714286,31.16928571428572,32.25809523809524,1.1897018434009274,31.48,31.45,32.45
2021-12-21,31.7,32.1,32.5,31.65,534.50K,-1.71%,31.232857142857146,30.983571428571427,32.07809523809524,1.173196691178231,32.25,31.48,31.45
2021-12-22,31.7,31.89,32.15,31.3,471.00K,0.00%,31.59,30.977857142857143,31.944761904761908,0.7584194090350297,31.7,32.25,31.48
2021-12-23,33.33,31.81,33.6,31.81,2.26M,5.14%,32.05142857142857,31.215714285714284,31.912857142857145,0.6792502869943874,31.7,31.7,32.25
2021-12-24,35.01,33.5,35.27,33.35,3.59M,5.04%,32.417142857142856,31.52428571428572,31.962857142857143,1.3182275257044145,33.33,31.7,31.7
2021-12-27,34.7,34.98,35.5,34.35,1.44M,-0.89%,32.88142857142857,31.752857142857145,31.986666666666668,1.4828736580421211,35.01,33.33,31.7
2021-12-28,34.7,34.77,35.5,34.31,916.00K,0.00%,33.34142857142857,32.020714285714284,31.989523809523813,1.4750980596947387,34.7,35.01,33.33
2021-12-29,34.52,34.7,35.3,34.51,1.46M,-0.52%,33.66571428571429,32.35642857142857,32.001428571428576,1.4443667256261854,34.7,34.7,35.01
2021-12-30,34.68,34.88,35.1,34.61,726.50K,0.46%,34.09142857142857,32.662142857142854,32.01952380952381,1.1841512934228968,34.52,34.7,34.7
2021-12-31,35.76,34.8,36.8,34.51,3.35M,3.11%,34.67142857142857,33.13071428571429,32.20904761904762,0.7215360598854834,34.68,34.52,34.7
2022-01-03,36.2,35.85,36.89,35.7,1.03M,1.23%,35.08142857142857,33.566428571428574,32.504285714285714,0.6434394188383522,35.76,34.68,34.52
2022-01-04,36.49,36.2,36.7,36.01,1.06M,0.80%,35.292857142857144,33.855000000000004,32.78047619047619,0.8316793109072828,36.2,35.76,34.68
2022-01-05,36.3,36.2,36.74,36.1,827.50K,-0.52%,35.52142857142857,34.20142857142857,33.009047619047614,0.860938026640133,36.49,36.2,35.76
2022-01-06,35.35,36.5,36.68,35.12,804.00K,-2.62%,35.614285714285714,34.47785714285714,33.21857142857143,0.7896804658188987,36.3,36.49,36.2
2022-01-07,35.26,35.01,35.5,35.01,276.50K,-0.25%,35.72,34.69285714285714,33.477619047619044,0.6571909920264504,35.35,36.3,36.49
2022-01-10,35.75,35.5,36.1,35.03,645.00K,1.39%,35.87285714285714,34.982142857142854,33.73238095238095,0.4738394343282431,35.26,35.35,36.3
2022-01-11,35.7,35.87,35.87,35.41,301.00K,-0.14%,35.864285714285714,35.267857142857146,34.04190476190476,0.476754903588771,35.75,35.26,35.35
2022-01-12,36.44,35.89,36.69,35.62,1.57M,2.07%,35.89857142857143,35.489999999999995,34.343809523809526,0.5122313465433851,35.7,35.75,35.26
2022-01-13,36.36,36.8,37.4,36.18,1.79M,-0.22%,35.88,35.58642857142857,34.53,0.4890466917047535,36.44,35.7,35.75
2022-01-14,35.99,36.45,36.68,35.9,352.50K,-1.02%,35.83571428571428,35.67857142857143,34.74619047619048,0.4577064977646041,36.36,36.44,35.7
2022-01-17,35.33,36.01,36.27,35.0,495.50K,-1.83%,35.832857142857144,35.723571428571425,34.929523809523815,0.4612921809343597,35.99,36.36,36.44
2022-01-18,34.7,35.25,35.5,34.6,565.00K,-1.78%,35.752857142857145,35.736428571428576,35.046190476190475,0.6037580720160319,35.33,35.99,36.36
2022-01-19,33.85,34.7,34.79,33.5,429.00K,-2.45%,35.48142857142857,35.67714285714286,35.14857142857143,0.9391739024527604,34.7,35.33,35.99
2022-01-20,33.7,33.77,33.77,32.57,1.08M,-0.44%,35.19571428571429,35.53,35.243809523809524,1.143574179825103,33.85,34.7,35.33
2022-01-21,33.88,33.79,34.2,33.7,367.50K,0.53%,34.83,35.364285714285714,35.27,1.0872902096500203,33.7,33.85,34.7
2022-01-24,33.67,33.56,33.9,33.44,144.00K,-0.62%,34.44571428571429,35.16285714285714,35.20619047619048,0.918710276109608,33.88,33.7,33.85
2022-01-25,33.58,33.79,34.3,33.5,480.00K,-0.27%,34.10142857142857,34.96857142857143,35.152857142857144,0.6581648367861972,33.67,33.88,33.7
2022-01-26,33.75,33.6,34.0,33.4,262.50K,0.51%,33.87571428571429,34.85428571428572,35.107619047619046,0.3778384638476767,33.58,33.67,33.88
2022-01-27,33.55,33.77,34.0,33.55,249.50K,-0.59%,33.71142857142858,34.732142857142854,35.06142857142857,0.125356634109108,33.75,33.58,33.67
2022-01-28,34.74,33.83,35.6,33.79,1.94M,3.55%,33.83857142857143,34.660000000000004,35.06428571428572,0.4122874632848077,33.55,33.75,33.58
2022-01-31,34.85,34.6,35.39,34.6,638.50K,0.32%,34.00285714285714,34.59928571428572,35.02095238095238,0.552983251275599,34.74,33.55,33.75
2022-02-01,35.37,35.1,35.65,34.8,844.00K,1.49%,34.215714285714284,34.52285714285715,34.98142857142857,0.7496189508206211,34.85,34.74,33.55
2022-02-02,36.3,35.1,36.5,34.8,2.17M,2.63%,34.59142857142857,34.51857142857143,34.97238095238095,1.035204143658836,35.37,34.85,34.74
2022-02-03,39.0,36.75,39.0,36.5,6.87M,7.44%,35.36571428571428,34.73357142857143,35.10095238095238,1.8549829931195183,36.3,35.37,34.85
2022-02-04,38.41,39.99,40.2,38.13,4.76M,-1.51%,36.03142857142857,34.95357142857143,35.24666666666666,2.008344497104096,39.0,36.3,35.37
2022-02-07,38.65,38.51,39.85,38.5,3.51M,0.62%,36.76,35.23571428571428,35.40809523809524,1.879024569646165,38.41,39.0,36.3
2022-02-08,37.85,38.7,38.97,37.71,1.06M,-2.07%,37.20428571428572,35.52142857142857,35.50809523809524,1.678807683475337,38.65,38.41,39.0
2022-02-09,38.16,38.44,38.9,38.05,1.25M,0.82%,37.67714285714285,35.84,35.625238095238096,1.336409546580325,37.85,38.65,38.41
2022-02-10,38.1,38.34,38.75,37.76,1.12M,-0.16%,38.06714285714286,36.14142857142857,35.70428571428571,0.8667124530033004,38.16,37.85,38.65
2022-02-11,37.9,38.31,38.6,37.82,673.00K,-0.52%,38.29571428571428,36.443571428571424,35.77761904761905,0.4176464670377011,38.1,38.16,37.85
2022-02-14,36.75,37.72,38.2,36.5,1.11M,-3.03%,37.97428571428571,36.67,35.813809523809525,0.6078063601420259,37.9,38.1,38.16
2022-02-15,37.3,36.75,37.58,36.2,601.00K,1.50%,37.815714285714286,36.92357142857144,35.90761904761904,0.6198617357355686,36.75,37.9,38.1
2022-02-16,37.0,37.75,37.92,36.8,790.50K,-0.80%,37.58,37.17,36.01714285714286,0.5606246516168902,37.3,36.75,37.9
2022-02-17,36.76,37.01,37.5,36.6,374.00K,-0.65%,37.42428571428571,37.31428571428571,36.15571428571428,0.6212314958444582,37.0,37.3,36.75
2022-02-18,37.3,36.56,37.94,36.56,863.50K,1.47%,37.30142857142857,37.48928571428571,36.32714285714285,0.5297933110011243,36.76,37.0,37.3
2022-02-21,37.15,37.08,37.55,37.0,551.00K,-0.40%,37.16571428571428,37.61642857142857,36.48285714285714,0.3958895949998708,37.3,36.76,37.0
2022-02-22,35.9,36.4,37.07,35.06,1.86M,-3.36%,36.88,37.587857142857146,36.58904761904762,0.4885011088359395,37.15,37.3,36.76
2022-02-23,37.4,36.25,37.94,36.0,2.62M,4.18%,36.97285714285714,37.47357142857143,36.77095238095238,0.5204073496064535,35.9,37.15,37.3
2022-02-24,35.25,36.0,36.88,34.6,2.48M,-5.75%,36.68,37.24785714285714,36.84238095238095,0.8047566920094248,37.4,35.9,37.15
2022-02-25,36.05,36.1,36.55,35.4,726.00K,2.27%,36.544285714285714,37.06214285714286,36.96142857142857,0.8217229286257002,35.25,37.4,35.9
2022-02-28,36.61,35.7,36.7,35.5,528.50K,1.55%,36.52285714285714,36.97357142857143,37.05047619047619,0.8171028961261673,36.05,35.25,37.4
2022-03-01,36.5,37.0,37.25,36.3,701.50K,-0.30%,36.40857142857143,36.855,37.12904761904762,0.7428644688287714,36.61,36.05,35.25
2022-03-02,35.98,36.53,36.94,35.8,985.50K,-1.42%,36.24142857142857,36.70357142857143,37.15809523809524,0.6769398932314904,36.5,36.61,36.05
2022-03-03,35.65,36.02,36.38,35.5,480.00K,-0.92%,36.205714285714286,36.54285714285714,37.12714285714286,0.7040089285152682,35.98,36.5,36.61
2022-03-04,35.77,35.89,35.9,35.5,462.50K,0.34%,35.972857142857144,36.47285714285714,36.973333333333336,0.475699985485739,35.65,35.98,36.5
2022-03-07,33.5,34.9,35.0,33.09,2.18M,-6.35%,35.722857142857144,36.20142857142857,36.73952380952381,1.0418527452849624,35.77,35.65,35.98
2022-03-08,33.61,33.88,33.99,33.2,981.50K,0.33%,35.37428571428571,35.95928571428571,36.49952380952381,1.2922442640986749,33.5,35.77,35.65
2022-03-09,33.8,33.33,34.0,32.83,532.50K,0.57%,34.972857142857144,35.74785714285714,36.30666666666667,1.2808033193499504,33.61,33.5,35.77
2022-03-10,34.5,34.5,34.89,34.25,656.50K,2.07%,34.68714285714286,35.54785714285714,36.13238095238095,1.092607192082864,33.8,33.61,33.5
2022-03-11,33.99,34.34,34.65,33.82,393.50K,-1.48%,34.402857142857144,35.32214285714286,35.93666666666667,0.949696693436673,34.5,33.8,33.61
2022-03-14,32.88,33.82,33.82,32.64,324.00K,-3.27%,34.00714285714286,35.10642857142857,35.69761904761905,0.920067285324596,33.99,34.5,33.8
2022-03-15,33.21,33.0,33.4,32.6,380.00K,1.00%,33.64142857142857,34.80714285714286,35.52904761904762,0.5276813612857654,32.88,33.99,34.5
2022-03-16,33.8,33.35,34.29,33.35,634.00K,1.78%,33.684285714285714,34.70357142857143,35.36238095238095,0.5264616840404269,33.21,32.88,33.99
2022-03-17,33.77,34.3,34.39,33.73,145.00K,-0.09%,33.70714285714286,34.54071428571429,35.20857142857143,0.5261721608541443,33.8,33.21,32.88
2022-03-18,33.0,33.51,33.51,32.55,627.00K,-2.28%,33.59285714285714,34.28285714285714,35.02952380952381,0.5861090423501346,33.77,33.8,33.21
2022-03-21,32.4,33.29,33.29,32.3,801.50K,-1.82%,33.292857142857144,33.989999999999995,34.796190476190475,0.5818279896366341,33.0,33.77,33.8
2022-03-22,32.31,32.65,32.8,32.3,204.00K,-0.28%,33.05285714285714,33.72785714285714,34.565714285714286,0.5927257456232334,32.4,33.0,33.77
2022-03-24,32.72,32.2,33.1,31.9,286.00K,1.27%,33.03,33.51857142857143,34.41428571428571,0.6034898507852556,32.31,32.4,33.0
2022-03-25,32.77,32.76,32.94,32.62,100.00K,0.15%,32.96714285714285,33.30428571428571,34.19380952380953,0.6045305144142487,32.72,32.31,32.4
2022-03-28,33.24,32.41,33.33,32.4,233.50K,1.43%,32.887142857142855,33.285714285714285,34.09809523809524,0.5047677448008093,32.77,32.72,32.31
2022-03-29,33.95,33.5,34.25,33.5,455.50K,2.14%,32.91285714285714,33.309999999999995,33.99809523809524,0.558919024717618,33.24,32.77,32.72
2022-03-30,34.5,33.55,35.49,33.11,1.24M,1.62%,33.12714285714286,33.36,33.897619047619045,0.8230373479929561,33.95,33.24,32.77
2022-03-31,35.52,34.6,36.0,34.6,768.00K,2.96%,33.57285714285714,33.432857142857145,33.85095238095238,1.1453342203004562,34.5,33.95,33.24
2022-04-01,35.1,35.52,35.9,35.0,817.00K,-1.18%,33.971428571428575,33.512142857142855,33.80904761904762,1.1177421970420445,35.52,34.5,33.95
2022-04-04,34.2,33.66,34.7,33.2,816.50K,-2.56%,34.182857142857145,33.60642857142857,33.74,0.9720547701602112,35.1,35.52,34.5
2022-04-05,34.0,33.9,34.79,33.61,324.50K,-0.58%,34.35857142857143,33.66285714285714,33.65571428571428,0.7627238157081213,34.2,35.1,35.52
2022-04-06,33.8,33.87,34.29,33.71,254.50K,-0.59%,34.43857142857143,33.66285714285714,33.669999999999995,0.6463339841354111,34.0,34.2,35.1
2022-04-07,33.57,34.0,34.0,33.5,94.00K,-0.68%,34.38428571428572,33.64857142857143,33.66809523809524,0.7072919515749085,33.8,34.0,34.2
2022-04-08,33.7,33.1,34.1,33.1,306.50K,0.39%,34.27,33.698571428571434,33.663333333333334,0.7488880646225292,33.57,33.8,34.0
2022-04-11,36.41,35.99,36.41,35.35,1.28M,8.04%,34.39714285714286,33.985,33.754285714285714,1.0221662338017934,33.7,33.57,33.8
2022-04-12,36.62,36.76,37.3,35.06,2.03M,0.58%,34.614285714285714,34.292857142857144,33.87952380952381,1.3156729221565495,36.41,33.7,33.57
2022-04-13,36.31,36.95,37.65,36.2,1.60M,-0.85%,34.91571428571429,34.54928571428572,34.042857142857144,1.4407041928964006,36.62,36.41,33.7
2022-04-14,36.27,36.5,36.5,35.81,562.50K,-0.11%,35.24,34.79928571428572,34.18857142857143,1.4556327375637517,36.31,36.62,36.41
2022-04-15,36.0,36.66,36.85,35.95,676.00K,-0.74%,35.55428571428571,34.996428571428574,34.29333333333333,1.3244981080001177,36.27,36.31,36.62
2022-04-18,35.55,36.0,36.2,35.4,228.00K,-1.25%,35.83714285714286,35.11071428571429,34.37809523809524,1.0023591220338377,36.0,36.27,36.31
2022-04-19,35.1,35.51,36.75,35.05,530.00K,-1.27%,36.03714285714286,35.15357142857143,34.47809523809524,0.5360881235311038,35.55,36.0,36.27
2022-04-20,33.5,35.3,35.49,33.0,942.00K,-4.56%,35.621428571428574,35.00928571428572,34.53047619047619,1.065573844953166,35.1,35.55,36.0
2022-04-21,33.5,33.5,33.88,32.65,1.06M,0.00%,35.175714285714285,34.895,34.58714285714285,1.2196564699793917,33.5,35.1,35.55
2022-04-22,33.7,33.25,34.0,33.25,233.00K,0.60%,34.80285714285714,34.85928571428571,34.633809523809525,1.2140389104930631,33.5,33.5,35.1
2022-04-25,33.18,33.99,34.6,33.0,795.00K,-1.54%,34.36142857142857,34.800714285714285,34.653333333333336,1.151845310381717,33.7,33.5,33.5
2022-04-26,32.95,33.39,33.39,32.69,319.00K,-0.69%,33.925714285714285,34.74,34.63952380952381,0.9948845350572096,33.18,33.7,33.5
2022-04-27,32.35,32.86,33.0,32.3,340.00K,-1.82%,33.46857142857143,34.652857142857144,34.56333333333333,0.848575837731515,32.95,33.18,33.7
2022-04-28,32.5,32.51,32.55,31.6,755.50K,0.46%,33.097142857142856,34.567142857142855,34.46809523809524,0.5214311806857018,32.35,32.95,33.18
2022-05-06,32.5,32.1,32.87,31.5,260.50K,0.00%,32.95428571428572,34.28785714285714,34.324285714285715,0.5295865413345773,32.5,32.35,32.95
2022-05-09,30.62,32.49,32.25,30.5,454.50K,-5.78%,32.542857142857144,33.85928571428572,34.110952380952384,0.9703043214328716,32.5,32.5,32.35
2022-05-10,30.15,30.68,31.39,30.0,720.00K,-1.53%,32.035714285714285,33.419285714285714,33.91809523809523,1.1715638713970102,30.62,32.5,32.5
2022-05-11,29.1,30.49,30.6,28.4,899.00K,-3.48%,31.452857142857145,32.90714285714286,33.684761904761906,1.4813475203986877,30.15,30.62,32.5
2022-05-12,29.6,29.48,30.0,28.5,886.00K,1.72%,30.97428571428572,32.45,33.48476190476191,1.4580107126136344,29.1,30.15,30.62
2022-05-13,29.8,30.0,30.0,29.5,198.50K,0.68%,30.61,32.03928571428572,33.305238095238096,1.3730865474060838,29.6,29.1,30.15
2022-05-16,29.15,29.5,29.5,28.0,695.50K,-2.18%,30.131428571428568,31.61428571428572,33.08857142857143,1.173916927376833,29.8,29.6,29.1
2022-05-17,29.98,29.09,29.99,28.52,593.50K,2.85%,29.77142857142857,31.36285714285714,32.78238095238095,0.5437655307040704,29.15,29.8,29.6
2022-05-18,30.2,30.35,30.7,29.63,490.00K,0.73%,29.71142857142857,31.127142857142854,32.47666666666667,0.4495341504067084,29.98,29.15,29.8
2022-05-19,30.51,30.01,30.75,30.01,348.50K,1.03%,29.762857142857143,30.89928571428572,32.200476190476195,0.5227081494722816,30.2,29.98,29.15
2022-05-20,30.86,30.7,31.31,30.65,261.00K,1.15%,30.014285714285712,30.733571428571427,31.942857142857147,0.5717183788919371,30.51,30.2,29.98
2022-05-23,29.6,30.65,30.65,29.57,116.00K,-4.08%,30.014285714285712,30.49428571428572,31.638095238095243,0.5717183788919371,30.86,30.51,30.2
2022-05-24,29.88,30.0,30.2,29.6,132.50K,0.95%,30.025714285714287,30.317857142857143,31.36809523809524,0.5675049821480198,29.6,30.86,30.51
2022-05-25,30.35,29.55,30.45,29.15,210.50K,1.57%,30.197142857142858,30.164285714285715,31.14190476190476,0.421296185825828,29.88,29.6,30.86
2022-05-26,31.04,30.25,31.49,30.15,321.00K,2.27%,30.34857142857143,30.06,31.02476190476191,0.511156485219412,30.35,29.88,29.6
2022-05-27,31.17,31.49,32.4,31.0,696.50K,0.42%,30.487142857142857,30.09928571428572,30.91380952380953,0.5896245778951641,31.04,30.35,29.88
2022-05-30,30.75,31.21,31.82,30.75,236.50K,-1.35%,30.52142857142857,30.14214285714285,30.773333333333333,0.5980922050279476,31.17,31.04,30.35
2022-05-31,30.9,30.99,31.32,30.84,268.00K,0.49%,30.527142857142856,30.270714285714284,30.6647619047619,0.6020441369684196,30.75,31.17,31.04
2022-06-01,31.01,31.0,31.43,30.82,212.00K,0.36%,30.728571428571428,30.371428571428574,30.57238095238095,0.4590362575169705,30.9,30.75,31.17
2022-06-02,30.55,30.9,31.0,30.5,81.00K,-1.48%,30.824285714285715,30.425000000000004,30.486666666666668,0.2921105465906169,31.01,30.9,30.75
2022-06-03,29.36,30.1,30.5,29.3,234.50K,-3.90%,30.68285714285715,30.44,30.33714285714285,0.6179459060937658,30.55,31.01,30.9
2022-06-06,29.59,30.0,30.0,29.0,159.00K,0.78%,30.47571428571428,30.41214285714286,30.198571428571427,0.7138593965874143,29.36,30.55,31.01
2022-06-07,29.79,29.65,29.97,29.51,147.50K,0.68%,30.278571428571432,30.382857142857144,30.15904761904762,0.6799124593518404,29.59,29.36,30.55
2022-06-08,29.67,29.7,29.78,29.37,79.50K,-0.40%,30.124285714285715,30.322857142857146,30.13619047619048,0.6776394602560855,29.79,29.59,29.36
2022-06-09,31.77,29.95,31.77,29.94,989.00K,7.08%,30.24857142857143,30.387857142857143,30.26333333333333,0.8901016528362748,29.67,29.79,29.59
2022-06-10,33.47,32.5,34.0,32.4,2.32M,5.35%,30.6,30.664285714285715,30.44761904761905,1.5103531595847273,31.77,29.67,29.79
2022-06-13,32.5,34.25,34.85,32.25,2.94M,-2.90%,30.87857142857143,30.85142857142857,30.57619047619048,1.6708922623502225,33.47,31.77,29.67
2022-06-14,32.5,32.21,32.98,32.02,430.50K,0.00%,31.32714285714286,31.005,30.735714285714288,1.6158456432648562,32.5,33.47,31.77
2022-06-15,32.0,32.46,32.95,31.96,459.50K,-1.54%,31.67142857142857,31.07357142857143,30.831904761904763,1.4300982317245947,32.5,32.5,33.47
2022-06-16,32.3,32.0,32.45,31.49,465.50K,0.94%,32.029999999999994,31.15428571428572,30.93190476190476,1.1709255598318415,32.0,32.5,32.5
2022-06-17,32.8,32.25,33.36,32.25,881.00K,1.55%,32.47714285714286,31.300714285714285,31.040952380952383,0.5552991471792224,32.3,32.0,32.5
2022-06-20,32.3,32.85,32.97,32.11,356.50K,-1.52%,32.55285714285714,31.400714285714283,31.109523809523807,0.4728182979305779,32.8,32.3,32.0
2022-06-21,33.35,32.5,33.48,32.1,968.50K,3.25%,32.535714285714285,31.567857142857143,31.288095238095234,0.4346591439615618,32.3,32.8,32.3
2022-06-22,32.7,33.35,33.99,32.65,468.50K,-1.95%,32.56428571428571,31.721428571428568,31.422380952380948,0.4384768007121125,33.35,32.3,32.8
2022-06-23,33.1,32.75,33.7,32.75,1.23M,1.22%,32.65,31.98857142857143,31.55333333333333,0.4804511768475056,32.7,33.35,32.3
2022-06-24,32.69,33.1,34.23,31.51,2.06M,-1.24%,32.748571428571424,32.21,31.63190476190476,0.3864551966896452,33.1,32.7,33.35
2022-06-27,33.01,32.91,33.25,32.86,558.50K,0.98%,32.85,32.440000000000005,31.71952380952381,0.3394112549707299,32.69,33.1,32.7
2022-06-28,32.8,33.5,33.55,32.75,930.50K,-0.64%,32.85,32.66357142857142,31.81714285714285,0.3394112549707299,33.01,32.69,33.1
2022-06-29,32.5,33.0,33.0,32.4,306.00K,-0.91%,32.878571428571426,32.715714285714284,31.89333333333333,0.2902544040121053,32.8,33.01,32.69
2022-06-30,32.65,32.75,33.2,32.5,771.00K,0.46%,32.77857142857143,32.65714285714286,31.97142857142857,0.2103511802877039,32.5,32.8,33.01
2022-07-01,32.74,32.9,33.03,32.6,295.50K,0.28%,32.78428571428572,32.67428571428572,32.075714285714284,0.2083952289026361,32.65,32.5,32.8
2022-07-04,31.93,33.0,33.0,31.93,273.50K,-2.47%,32.61714285714286,32.63357142857143,32.198095238095235,0.3403779412035444,32.74,32.65,32.5
2022-07-05,32.2,32.1,32.2,31.85,115.50K,0.85%,32.54714285714286,32.64785714285714,32.32238095238095,0.3718294539946599,31.93,32.74,32.65
2022-07-06,32.7,32.0,33.0,32.0,285.00K,1.55%,32.50285714285714,32.676428571428566,32.46095238095238,0.3227338576257065,32.2,31.93,32.74
2022-07-07,32.5,32.9,33.29,32.5,356.09K,-0.61%,32.46,32.655,32.59571428571429,0.2954657340552871,32.7,32.2,31.93
2022-07-13,33.18,32.42,33.23,32.15,190.20K,2.09%,32.55714285714286,32.71785714285714,32.66285714285715,0.4030183736811933,32.5,32.7,32.2
2022-07-14,33.25,33.0,33.5,32.75,618.72K,0.21%,32.642857142857146,32.71071428571428,32.65238095238095,0.4821035257334562,33.18,32.5,32.7
2022-07-15,33.0,33.57,33.88,32.95,780.27K,-0.75%,32.68,32.732142857142854,32.67619047619048,0.500499750250505,33.25,33.18,32.5
2022-07-18,32.34,32.31,32.95,31.1,237.38K,-2.00%,32.73857142857143,32.67785714285714,32.668571428571425,0.4147460496678662,33.0,33.25,33.18
2022-07-19,30.95,32.4,32.6,30.75,459.81K,-4.30%,32.559999999999995,32.55357142857143,32.61857142857143,0.7871679194010359,32.34,33.0,33.25
2022-07-20,31.03,31.0,31.41,30.5,324.57K,0.26%,32.32142857142857,32.412142857142854,32.55809523809524,0.969594908049292,30.95,32.34,33.0
2022-07-21,30.2,30.99,31.45,30.01,202.31K,-2.67%,31.992857142857144,32.22642857142857,32.434285714285714,1.2485687043669833,31.03,30.95,32.34
2022-07-22,31.33,30.25,31.5,29.9,257.21K,3.74%,31.728571428571428,32.142857142857146,32.38809523809524,1.1470749549971866,30.2,31.03,30.95
2022-07-25,30.75,31.16,31.45,30.25,34.37K,-1.85%,31.37142857142857,32.00714285714286,32.26428571428571,0.969938633307183,31.33,30.2,31.03
2022-07-26,30.91,30.65,31.35,30.65,42.51K,0.52%,31.072857142857146,31.87642857142857,32.179047619047616,0.6559144833929725,30.75,31.33,30.2
2022-07-27,30.5,31.18,31.19,30.43,247.16K,-1.33%,30.81,31.77428571428572,32.055238095238096,0.369729630947893,30.91,30.75,31.33
2022-07-28,30.78,30.85,31.12,30.6,253.91K,0.92%,30.785714285714285,31.672857142857143,31.964285714285715,0.3645479914854885,30.5,30.91,30.75
2022-07-29,30.4,31.31,31.31,30.2,116.95K,-1.23%,30.695714285714285,31.50857142857143,31.84,0.3718806772287394,30.78,30.5,30.91
2022-08-01,30.15,30.37,30.6,30.0,116.09K,-0.82%,30.68857142857143,31.340714285714284,31.713809523809523,0.3832939938417423,30.4,30.78,30.5
2022-08-02,30.55,29.76,30.68,29.7,158.46K,1.33%,30.57714285714286,31.15285714285714,31.620952380952385,0.2589539396456691,30.15,30.4,30.78
2022-08-03,32.79,30.87,32.79,30.73,872.92K,7.33%,30.868571428571432,31.12,31.62761904761905,0.8826745072308095,30.55,30.15,30.4
2022-08-04,32.89,34.0,34.1,32.6,870.53K,0.30%,31.15142857142857,31.112142857142857,31.634761904761906,1.168980019382346,32.79,30.55,30.15
2022-08-05,33.1,33.0,33.75,32.32,532.35K,0.64%,31.522857142857145,31.16642857142857,31.69047619047619,1.3295326783716166,32.89,32.79,30.55
2022-08-10,33.3,32.65,34.2,32.65,1.25M,0.60%,31.882857142857144,31.33428571428571,31.742857142857144,1.4320814023155246,33.1,32.89,32.79
2022-08-11,32.85,33.59,33.83,32.7,406.12K,-1.35%,32.23285714285714,31.464285714285715,31.75,1.3028265973866182,33.3,33.1,32.89
2022-08-12,33.3,33.05,33.67,33.05,438.75K,1.37%,32.682857142857145,31.685714285714287,31.788095238095234,0.9632534157001396,32.85,33.3,33.1
2022-08-15,34.25,33.5,35.35,33.27,3.10M,2.85%,33.21142857142858,31.89428571428571,31.83904761904761,0.5030383872513726,33.3,32.85,33.3
2022-08-16,33.8,34.5,35.0,33.25,1.10M,-1.31%,33.355714285714285,32.11214285714286,31.86523809523809,0.5068483383578174,34.25,33.3,32.85
2022-08-17,33.7,34.0,34.0,33.3,223.88K,-0.30%,33.471428571428575,32.31142857142857,31.89857142857143,0.4742161452141795,33.8,34.25,33.3
2022-08-18,34.5,33.89,34.75,33.85,820.13K,2.37%,33.67142857142857,32.597142857142856,32.00142857142857,0.5758017185181574,33.7,33.8,34.25
2022-08-19,34.27,34.25,34.5,33.92,218.31K,-0.67%,33.81,32.84642857142857,32.15952380952381,0.5881042991404762,34.5,33.7,33.8
2022-08-22,33.37,33.8,33.8,33.0,332.43K,-2.63%,33.88428571428572,33.058571428571426,32.27095238095238,0.4670066788559693,34.27,34.5,33.7
2022-08-23,33.22,33.59,33.78,33.22,303.60K,-0.45%,33.87285714285714,33.277857142857144,32.4147619047619,0.4843454100033567,33.37,34.27,34.5
2022-08-24,33.21,33.23,33.48,33.02,326.40K,-0.03%,33.72428571428571,33.46785714285714,32.504285714285714,0.5082931287778195,33.22,33.37,34.27
2022-08-25,34.29,33.21,35.67,33.21,6.12M,3.25%,33.794285714285714,33.575,32.67285714285714,0.5522939176103724,33.21,33.22,33.37
2022-08-26,34.11,34.5,34.8,33.52,1.01M,-0.52%,33.85285714285714,33.662142857142854,32.82523809523809,0.5622785278293896,34.29,33.21,33.22
2022-08-29,33.8,34.0,34.0,32.71,570.97K,-0.91%,33.75285714285714,33.71214285714286,32.98238095238095,0.4849300391375888,34.11,34.29,33.21
2022-08-30,33.6,34.49,34.5,33.56,475.20K,-0.59%,33.65714285714286,33.73357142857143,33.11666666666666,0.4287079147756818,33.8,34.11,34.29
2022-08-31,33.89,33.99,34.14,33.5,221.55K,0.86%,33.73142857142857,33.807857142857145,33.28285714285715,0.4155088675930493,33.6,33.8,34.11
2022-09-01,34.2,34.0,34.34,33.99,1.18M,0.91%,33.871428571428574,33.872142857142855,33.47571428571429,0.3778636690418862,33.89,33.6,33.8
2022-09-02,34.0,34.14,34.45,33.76,274.80K,-0.58%,33.98428571428571,33.85428571428572,33.64,0.2403370648958492,34.2,33.89,33.6
2022-09-05,33.5,33.69,33.99,33.5,148.20K,-1.47%,33.871428571428574,33.832857142857144,33.673809523809524,0.2577096927069877,34.0,34.2,33.89
2022-09-06,33.5,33.48,34.0,33.29,208.19K,0.00%,33.78428571428572,33.818571428571424,33.70285714285714,0.2665743887974731,33.5,34.0,34.2
2022-09-07,33.65,33.98,33.98,33.5,130.03K,0.45%,33.76285714285714,33.75785714285714,33.72904761904762,0.271091269116726,33.5,33.5,34.0
2022-09-08,33.74,33.7,33.97,33.5,521.10K,0.27%,33.78285714285715,33.720000000000006,33.75,0.262088680013689,33.65,33.5,33.5
2022-09-09,33.35,33.8,33.95,33.0,417.83K,-1.16%,33.705714285714286,33.71857142857143,33.773809523809526,0.3017646512810009,33.74,33.65,33.5
2022-09-12,33.06,33.2,33.75,33.0,184.97K,-0.87%,33.542857142857144,33.707142857142856,33.76238095238096,0.2981450589751741,33.35,33.74,33.65
2022-09-13,33.5,33.15,34.25,33.0,941.23K,1.33%,33.471428571428575,33.72785714285714,33.726666666666674,0.2200324651389372,33.06,33.35,33.74
2022-09-14,33.1,33.3,33.45,33.05,363.57K,-1.19%,33.41428571428572,33.642857142857146,33.69333333333333,0.2597342964699408,33.5,33.06,33.35
2022-09-15,33.05,33.11,33.5,32.95,425.17K,-0.15%,33.35,33.56714285714286,33.66238095238096,0.2890213371607068,33.1,33.5,33.06
2022-09-16,33.19,33.37,33.42,32.65,558.64K,0.42%,33.28428571428572,33.52357142857143,33.6,0.2603111691086919,33.05,33.1,33.5
2022-09-19,32.12,33.43,33.44,32.0,419.59K,-3.22%,33.05285714285714,33.41785714285714,33.49761904761905,0.4433852457979437,33.19,33.05,33.1
2022-09-20,32.22,32.06,32.64,32.06,171.96K,0.31%,32.89142857142857,33.29857142857143,33.44285714285714,0.516798754237833,32.12,33.19,33.05
2022-09-21,32.25,32.45,32.45,32.0,201.18K,0.09%,32.77571428571429,33.15928571428572,33.39666666666667,0.5615115654161181,32.22,32.12,33.19
2022-09-22,31.44,32.01,32.5,30.8,408.48K,-2.51%,32.48142857142857,32.97642857142857,33.31238095238095,0.6512917567279426,32.25,32.22,32.12
2022-09-23,31.02,31.69,31.77,30.53,134.31K,-1.34%,32.18428571428571,32.79928571428572,33.15666666666667,0.7831742492975112,31.44,32.25,32.22
2022-09-26,30.09,30.06,30.3,29.1,1.17M,-3.00%,31.76142857142857,32.55571428571429,32.96523809523809,1.005409179910565,31.02,31.44,32.25
2022-09-27,30.69,30.2,30.99,30.2,615.07K,1.99%,31.40428571428572,32.34428571428571,32.817142857142855,0.8445286090058689,30.09,31.02,31.44
2022-09-28,30.6,30.89,31.5,30.56,565.51K,-0.29%,31.187142857142856,32.12,32.67428571428572,0.8250194802899864,30.69,30.09,31.02
2022-09-29,30.15,30.75,30.75,30.02,127.74K,-1.47%,30.891428571428573,31.891428571428573,32.49619047619048,0.7616523391384702,30.6,30.69,30.09
2022-09-30,29.99,30.15,30.35,29.91,232.77K,-0.53%,30.568571428571428,31.67214285714286,32.29571428571429,0.5350834380870941,30.15,30.6,30.69
2022-10-03,29.9,30.0,30.35,29.7,158.71K,-0.30%,30.34857142857143,31.415,32.10047619047619,0.4216407859562124,29.99,30.15,30.6
2022-10-04,29.82,29.85,30.6,29.81,400.96K,-0.27%,30.17714285714285,31.180714285714284,31.925238095238097,0.339004143816311,29.9,29.99,30.15
2022-10-05,29.62,29.89,30.1,29.5,454.95K,-0.67%,30.110000000000003,30.935714285714287,31.740476190476187,0.4001666319599295,29.82,29.9,29.99
2022-10-06,29.5,29.8,29.95,29.25,850.45K,-0.41%,29.94,30.67214285714285,31.542857142857148,0.3638223009485348,29.62,29.82,29.9
2022-10-07,29.45,29.55,29.95,29.35,439.47K,-0.17%,29.775714285714283,30.481428571428573,31.33857142857143,0.2613335762891111,29.5,29.62,29.82
2022-10-10,29.99,29.35,30.43,29.35,1.72M,1.83%,29.752857142857145,30.322142857142858,31.178571428571427,0.2280142017315909,29.45,29.5,29.62
2022-10-11,30.25,30.0,31.0,30.0,1.77M,0.87%,29.79,30.179285714285715,31.044761904761906,0.2867054237380567,29.99,29.45,29.5
2022-10-12,30.1,30.21,30.48,30.0,466.53K,-0.50%,29.818571428571428,30.083571428571428,30.88285714285714,0.3086221298747677,30.25,29.99,29.45
2022-10-13,30.8,30.05,31.2,30.05,1.47M,2.33%,29.958571428571428,30.067857142857143,30.773333333333333,0.4826119411236166,30.1,30.25,29.99
2022-10-14,30.49,30.8,31.0,30.4,750.69K,-1.01%,30.08285714285714,30.096428571428568,30.651428571428568,0.4928053803054124,30.8,30.1,30.25
2022-10-17,29.86,30.21,30.35,29.8,336.65K,-2.07%,30.13428571428572,30.037142857142857,30.492857142857144,0.4375255094613234,30.49,30.8,30.1
2022-10-18,29.7,30.0,30.13,29.6,174.31K,-0.54%,30.17,29.972857142857144,30.37761904761905,0.3785938897211001,29.86,30.49,30.8
2022-10-19,29.71,29.9,30.0,29.65,241.81K,0.03%,30.13,29.94142857142857,30.25809523809524,0.4139243087016662,29.7,29.86,30.49
2022-10-20,29.7,29.98,29.99,29.6,153.69K,-0.03%,30.051428571428573,29.920714285714286,30.136666666666667,0.4388024829560993,29.71,29.7,29.86
2022-10-21,29.49,29.6,29.8,29.12,535.62K,-0.71%,29.964285714285715,29.891428571428573,30.04380952380953,0.4856218399427582,29.7,29.71,29.7
2022-10-24,29.37,30.0,30.0,29.25,379.80K,-0.41%,29.76,29.85928571428571,29.965238095238096,0.3600000000011343,29.49,29.7,29.71
2022-10-25,28.99,29.32,29.4,28.67,367.26K,-1.29%,29.545714285714286,29.81428571428572,29.912857142857145,0.2933062758097547,29.37,29.49,29.7
2022-10-26,28.4,28.58,28.8,28.3,199.33K,-2.04%,29.33714285714285,29.735714285714288,29.803809523809523,0.487432535015146,28.99,29.37,29.49
2022-10-27,29.15,28.71,29.74,28.7,667.01K,2.64%,29.25857142857143,29.714285714285715,29.734761904761903,0.4629049064135823,28.4,28.99,29.37
2022-10-28,28.3,28.56,29.3,28.01,419.37K,-2.92%,29.057142857142857,29.59357142857143,29.646666666666665,0.5349054211022942,29.15,28.4,28.99
2022-10-31,28.0,28.21,28.5,27.95,226.87K,-1.06%,28.81428571428572,29.43285714285714,29.55190476190476,0.5785285110485474,28.3,29.15,28.4
2022-11-01,28.5,28.43,28.52,28.15,156.47K,1.79%,28.672857142857143,29.318571428571428,29.48523809523809,0.5017208482060711,28.0,28.3,29.15
2022-11-02,28.45,28.85,28.85,28.4,129.72K,-0.18%,28.54142857142857,29.150714285714287,29.42,0.3985569207132484,28.5,28.0,28.3
2022-11-03,28.32,28.68,28.79,28.31,73.45K,-0.46%,28.44571428571428,28.99571428571429,29.35809523809524,0.3504215148874912,28.45,28.5,28.0
2022-11-04,28.1,27.83,28.3,27.83,241.26K,-0.78%,28.402857142857147,28.87,29.291428571428565,0.3744646973008469,28.32,28.45,28.5
2022-11-07,28.79,28.11,28.97,28.1,414.15K,2.46%,28.35142857142857,28.805,29.26,0.2628325557874393,28.1,28.32,28.45
2022-11-08,28.7,28.95,28.95,27.72,473.76K,-0.31%,28.408571428571427,28.732857142857146,29.198571428571427,0.2916863938920674,28.79,28.1,28.32
2022-11-10,28.8,28.6,29.0,28.26,396.49K,0.35%,28.52285714285714,28.668571428571425,29.12952380952381,0.2599175693521913,28.7,28.79,28.1
2022-11-11,28.89,29.0,29.3,28.7,389.80K,0.31%,28.578571428571426,28.625714285714285,29.07190476190476,0.2937929299950823,28.8,28.7,28.79
2022-11-14,28.42,28.75,28.75,28.25,318.79K,-1.63%,28.574285714285715,28.55785714285713,28.958571428571428,0.2961900934018233,28.89,28.8,28.7
2022-11-15,28.48,28.7,28.97,28.3,192.41K,0.21%,28.59714285714286,28.52142857142857,28.862857142857145,0.2789691909953847,28.42,28.89,28.8
2022-11-16,28.3,28.31,28.5,28.3,195.39K,-0.63%,28.625714285714285,28.514285714285712,28.788571428571423,0.2244888373528826,28.48,28.42,28.89
2022-11-17,28.11,28.64,28.64,28.01,372.60K,-0.67%,28.52857142857143,28.44,28.71285714285714,0.2814503254840785,28.3,28.48,28.42
2022-11-18,28.0,28.0,28.4,27.95,131.99K,-0.39%,28.428571428571427,28.41857142857143,28.63142857142857,0.3304758474005176,28.11,28.3,28.48
2022-11-21,27.93,28.29,28.29,27.8,192.81K,-0.25%,28.304285714285715,28.41357142857143,28.54714285714286,0.3311020559123299,28.0,28.11,28.3
2022-11-22,27.9,28.03,28.03,27.75,89.15K,-0.11%,28.162857142857145,28.37071428571429,28.47142857142857,0.2373965940318823,27.93,28.0,28.11
2022-11-23,28.1,28.25,28.25,27.75,129.17K,0.72%,28.117142857142856,28.345714285714287,28.41095238095238,0.2087034807039322,27.9,27.93,28.0
2022-11-24,27.79,28.04,28.04,26.9,138.91K,-1.10%,28.018571428571427,28.30785714285714,28.35380952380952,0.167673151443741,28.1,27.9,27.93
2022-11-25,27.78,27.98,28.35,27.71,113.35K,-0.04%,27.944285714285712,28.285,28.32428571428571,0.1340220308855678,27.79,28.1,27.9
2022-11-28,25.89,27.69,27.78,25.7,1.55M,-6.80%,27.62714285714286,28.077857142857145,28.169047619047618,0.7742031233411892,27.78,27.79,28.1
2022-11-29,26.44,25.83,26.5,25.83,223.28K,2.12%,27.40428571428572,27.91642857142857,28.0804761904762,0.8678490103483861,25.89,27.78,27.79
2022-11-30,26.58,26.6,27.0,26.21,288.87K,0.53%,27.211428571428574,27.757857142857144,28.012857142857147,0.8814463222728773,26.44,25.89,27.78
2022-12-01,26.39,26.85,26.94,26.22,80.19K,-0.71%,26.99571428571429,27.57928571428572,27.91238095238096,0.8695373701549537,26.58,26.44,25.89
2022-12-02,25.59,26.47,26.47,25.25,402.87K,-3.03%,26.63714285714286,27.37714285714286,27.776190476190475,0.8556812935849528,26.39,26.58,26.44
2022-12-05,24.67,25.78,25.78,24.25,318.47K,-3.60%,26.19142857142857,27.105,27.60238095238095,0.9611699220472644,25.59,26.39,26.58
2022-12-06,25.2,24.9,25.35,24.25,157.27K,2.15%,25.822857142857146,26.88357142857143,27.464285714285715,0.713155295984814,24.67,25.59,26.39
2022-12-07,27.0,25.54,27.0,25.0,1.46M,7.14%,25.981428571428573,26.804285714285715,27.37904761904761,0.8422871357490486,25.2,24.67,25.59
2022-12-08,25.9,27.5,28.39,25.7,1.44M,-4.07%,25.90428571428572,26.65428571428572,27.24571428571429,0.8176563488181442,27.0,25.2,24.67
2022-12-09,26.14,26.0,26.7,25.51,216.92K,0.93%,25.841428571428573,26.52642857142857,27.11904761904762,0.7727317035782841,25.9,27.0,25.2
2022-12-12,26.39,26.0,26.45,25.9,121.38K,0.96%,25.84142857142857,26.41857142857143,27.0,0.7727317035782841,26.14,25.9,27.0
2022-12-13,26.35,26.0,26.39,25.77,125.43K,-0.15%,25.95,26.293571428571425,26.90142857142857,0.7848142030659548,26.39,26.14,25.9
2022-12-14,26.2,26.13,26.28,25.8,179.69K,-0.57%,26.16857142857143,26.180000000000003,26.79285714285714,0.5454792562951827,26.35,26.39,26.14
2022-12-15,25.8,26.05,26.05,25.5,208.04K,-1.53%,26.254285714285714,26.038571428571423,26.673809523809528,0.3940328726929193,26.2,26.35,26.39
2022-12-16,25.68,25.98,25.99,25.1,46.56K,-0.47%,26.06571428571428,26.023571428571422,26.55809523809524,0.2757932282755089,25.8,26.2,26.35
2022-12-19,24.5,25.1,25.1,24.16,317.53K,-4.60%,25.865714285714287,25.885,26.391428571428573,0.6583276069678015,25.68,25.8,26.2
2022-12-20,23.93,24.5,24.5,23.1,282.72K,-2.33%,25.55,25.695714285714285,26.200952380952383,0.963881043836514,24.5,25.68,25.8
2022-12-21,23.0,22.48,23.73,22.48,98.93K,-3.89%,25.06571428571428,25.45357142857143,25.96761904761905,1.2734187206476584,23.93,24.5,25.68
2022-12-22,24.0,23.49,24.1,23.25,269.21K,4.35%,24.73,25.34,25.77238095238096,1.1851160280751698,23.0,23.93,24.5
2022-12-23,23.85,24.0,24.62,23.26,376.67K,-0.62%,24.39428571428571,25.28142857142857,25.584761904761905,1.020749024701579,24.0,23.0,23.93
2022-12-26,24.74,23.32,24.74,23.32,102.20K,3.73%,24.24285714285714,25.24857142857143,25.44,0.8400935322080444,23.85,24.0,23.0
2022-12-27,24.0,24.38,24.38,23.8,179.66K,-2.99%,24.002857142857145,25.03428571428572,25.35,0.5515044359366286,24.74,23.85,24.0
2022-12-28,23.6,24.44,25.25,23.6,1.13M,-1.67%,23.874285714285712,24.87,25.214761904761904,0.5203158381494853,24.0,24.74,23.85
2022-12-29,24.06,23.99,24.2,23.7,171.67K,1.95%,23.892857142857142,24.721428571428568,25.094761904761903,0.5249353701721513,23.6,24.0,24.74
2022-12-30,24.1,24.0,24.5,24.0,210.99K,0.17%,24.050000000000004,24.55785714285714,24.985714285714288,0.3478984526179594,24.06,23.6,24.0
2023-01-02,24.9,24.25,25.35,24.2,648.94K,3.32%,24.178571428571427,24.45428571428572,24.95285714285714,0.4709008590438772,24.1,24.06,23.6
2023-01-03,24.35,24.3,24.6,24.3,89.71K,-2.21%,24.25,24.322142857142858,24.937619047619044,0.4502221673803346,24.9,24.1,24.06
2023-01-04,24.55,24.47,24.6,24.25,22.07K,0.82%,24.222857142857144,24.232857142857146,24.906666666666663,0.4205042324691327,24.35,24.9,24.1
2023-01-05,24.06,24.48,24.48,24.0,54.92K,-2.00%,24.231428571428573,24.117142857142856,24.76666666666667,0.4157895529971837,24.55,24.35,24.9
2023-01-06,24.08,24.25,24.35,24.0,111.48K,0.08%,24.300000000000004,24.08714285714285,24.68,0.323676793526066,24.06,24.55,24.35
2023-01-09,23.79,23.9,24.29,23.5,191.21K,-1.20%,24.26142857142857,24.077142857142857,24.568095238095243,0.3698390898507069,24.08,24.06,24.55
2023-01-10,24.19,23.98,24.5,23.8,352.53K,1.68%,24.27428571428572,24.162142857142857,24.46333333333333,0.3648222006620289,23.79,24.08,24.06
2023-01-11,23.92,24.01,24.1,23.71,68.69K,-1.12%,24.13428571428572,24.15642857142857,24.347619047619048,0.2567006780199022,24.19,23.79,24.08
2023-01-12,23.94,23.95,24.17,23.5,238.83K,0.08%,24.07571428571428,24.162857142857145,24.24,0.2458222354247217,23.92,24.19,23.79
2023-01-13,23.47,23.72,23.8,23.3,68.35K,-1.96%,23.92142857142857,24.072142857142858,24.129047619047626,0.2373063119997309,23.94,23.92,24.19
2023-01-16,22.75,23.51,23.66,22.75,170.01K,-3.07%,23.73428571428571,23.982857142857146,23.98952380952381,0.4908787067723793,23.47,23.94,23.92
2023-01-17,22.1,23.15,23.4,21.85,144.50K,-2.86%,23.451428571428576,23.875714285714285,23.875238095238096,0.7568669757944412,22.75,23.47,23.94
2023-01-18,22.35,21.99,22.35,20.95,507.22K,1.13%,23.24571428571429,23.75357142857143,23.8,0.8405723673560167,22.1,22.75,23.47
2023-01-19,21.9,21.9,22.3,21.01,694.31K,-2.01%,22.91857142857143,23.596428571428568,23.747619047619047,0.8572714189303546,22.35,22.1,22.75
2023-01-20,21.6,21.25,21.99,21.25,81.27K,-1.37%,22.58714285714285,23.360714285714288,23.633333333333333,0.8540436032141671,21.9,22.35,22.1
2023-01-23,21.5,21.16,21.6,21.11,88.83K,-0.46%,22.23857142857143,23.15714285714285,23.52142857142857,0.6925178354248335,21.6,21.9,22.35
2023-01-24,22.15,21.5,22.2,21.5,306.99K,3.02%,22.05,22.985714285714284,23.39809523809524,0.4320493798944775,21.5,21.6,21.9
2023-01-25,22.7,22.15,23.1,21.7,487.10K,2.48%,22.042857142857144,22.88857142857143,23.33619047619048,0.4187566630606348,22.15,21.5,21.6
2023-01-26,24.0,22.59,24.0,22.49,486.23K,5.73%,22.31428571428572,22.882857142857144,23.355238095238096,0.8527965201397414,22.7,22.15,21.5
2023-01-27,23.35,23.99,23.99,22.6,157.71K,-2.71%,22.457142857142856,22.85142857142857,23.321428571428573,0.9391612265869816,24.0,22.7,22.15
2023-01-30,22.36,22.89,22.89,22.31,62.78K,-4.24%,22.52285714285714,22.720714285714287,23.23857142857143,0.9092985260762092,23.35,24.0,22.7
2023-01-31,24.03,22.81,24.03,22.31,620.91K,7.47%,22.87,22.728571428571428,23.197142857142858,0.9606594956940988,22.36,23.35,24.0
2023-02-01,23.72,24.29,24.39,23.7,277.52K,-1.29%,23.187142857142856,22.712857142857143,23.167142857142856,0.7830222279887071,24.03,22.36,23.35
2023-02-02,23.69,23.55,24.8,23.55,524.58K,-0.13%,23.40714285714285,22.728571428571428,23.12619047619048,0.647706576718509,23.72,24.03,22.36
2023-02-03,23.43,23.87,23.9,23.04,52.83K,-1.10%,23.51142857142857,22.777142857142856,23.09619047619048,0.5688417639217055,23.69,23.72,24.03
2023-02-06,24.6,23.21,24.65,23.06,297.97K,4.99%,23.59714285714286,22.955714285714286,23.12095238095237,0.687549132443943,23.43,23.69,23.72
2023-02-07,24.0,24.2,25.2,23.9,568.27K,-2.44%,23.69,23.073571428571427,23.13095238095238,0.6924834534730392,24.6,23.43,23.69
2023-02-08,25.9,24.36,25.9,24.35,2.40M,7.92%,24.195714285714285,23.359285714285715,23.21238095238096,0.8368762780498321,24.0,24.6,23.43
2023-02-09,27.84,26.3,27.84,26.2,2.37M,7.49%,24.74,23.805,23.39904761904761,1.6011350140865674,25.9,24.0,24.6
2023-02-10,28.57,28.2,29.45,27.84,4.41M,2.62%,25.43285714285714,24.31,23.61952380952381,2.06760500971321,27.84,25.9,24.0
2023-02-13,26.8,28.92,28.99,26.7,1.64M,-6.20%,25.877142857142854,24.64214285714285,23.77809523809524,1.9621307659934013,28.57,27.84,25.9
2023-02-14,25.52,27.0,27.0,25.51,1.21M,-4.78%,26.175714285714285,24.84357142857143,23.91,1.6640698817745885,26.8,28.57,27.84
2023-02-15,25.85,25.89,25.9,25.3,309.89K,1.29%,26.354285714285712,24.97571428571428,24.08857142857143,1.5283308666960722,25.52,26.8,28.57
2023-02-16,25.67,26.0,26.74,25.6,969.78K,-0.70%,26.592857142857145,25.141428571428573,24.246666666666663,1.1931710450970063,25.85,25.52,26.8
2023-02-17,25.19,25.7,25.84,24.99,255.61K,-1.87%,26.49142857142857,25.34357142857143,24.403333333333336,1.2882731150840463,25.67,25.85,25.52
2023-02-20,24.25,24.85,25.1,24.0,438.84K,-3.73%,25.978571428571428,25.359285714285715,24.52952380952381,1.373686385502527,25.19,25.67,25.85
2023-02-21,24.4,24.12,24.6,24.11,186.80K,0.62%,25.382857142857144,25.407857142857143,24.66761904761905,0.8769590314591833,24.25,25.19,25.67
2023-02-22,24.98,24.79,24.98,24.15,145.04K,2.38%,25.12285714285714,25.5,24.80238095238096,0.6184850924027862,24.4,24.25,25.19
2023-02-23,24.11,24.29,24.49,24.01,86.19K,-3.48%,24.92142857142857,25.548571428571428,24.86952380952381,0.6927344024816559,24.98,24.4,24.25
2023-02-24,23.81,24.28,24.58,23.7,127.86K,-1.24%,24.630000000000003,25.49214285714286,24.860476190476188,0.6655574104968843,24.11,24.98,24.4
2023-02-27,24.35,23.77,24.35,23.74,219.24K,2.27%,24.44142857142857,25.51714285714285,24.90809523809524,0.4840257765673179,23.81,24.11,24.98
2023-02-28,23.8,24.2,24.2,23.61,295.15K,-2.26%,24.24285714285714,25.367142857142856,24.976666666666667,0.4042983339784826,24.35,23.81,24.11
2023-03-01,23.6,24.0,24.2,23.1,149.37K,-0.84%,24.15,25.06428571428572,24.95619047619048,0.4714516588869915,23.8,24.35,23.81
2023-03-02,23.45,23.51,23.99,23.33,202.84K,-0.64%,24.014285714285712,24.69857142857143,24.94333333333333,0.5215635833042753,23.6,23.8,24.35
2023-03-03,25.25,23.0,25.25,22.9,1.35M,7.68%,24.052857142857142,24.587857142857143,25.017619047619046,0.6077475979860134,23.45,23.6,23.8
2023-03-06,24.8,25.3,25.8,24.71,556.73K,-1.78%,24.15142857142857,24.53642857142857,25.082857142857144,0.6712036097302488,25.25,23.45,23.6
2023-03-07,24.75,24.99,24.99,24.5,114.37K,-0.20%,24.285714285714285,24.457857142857144,25.09,0.6853917892435977,24.8,25.25,23.45
2023-03-08,24.35,24.9,24.9,24.25,132.84K,-1.62%,24.285714285714285,24.363571428571426,25.106666666666666,0.6853917892435977,24.75,24.8,25.25
2023-03-09,25.25,24.79,25.5,24.4,463.78K,3.70%,24.492857142857144,24.36785714285714,25.075714285714287,0.7316810390175389,24.35,24.75,24.8
2023-03-10,25.68,25.2,26.44,25.2,912.78K,1.70%,24.79,24.47,24.972857142857144,0.7310038759591624,25.25,24.35,24.75
2023-03-13,25.2,25.51,26.05,25.2,496.57K,-1.87%,25.04,24.527142857142856,24.81238095238096,0.4361192497478846,25.68,25.25,24.35
2023-03-14,25.02,25.48,25.5,24.95,372.90K,-0.71%,25.00714285714286,24.53,24.727619047619047,0.4262125559598166,25.2,25.68,25.25
2023-03-15,26.54,24.61,26.87,24.61,2.34M,6.08%,25.255714285714284,24.703571428571426,24.776190476190475,0.7028716607100011,25.02,25.2,25.68
2023-03-16,26.5,26.5,27.3,26.25,683.77K,-0.15%,25.505714285714284,24.895714285714284,24.80714285714286,0.7978274070431789,26.54,25.02,25.2
2023-03-17,26.13,26.75,27.02,26.0,530.51K,-1.40%,25.76,25.022857142857145,24.829047619047618,0.6351640208119577,26.5,26.54,25.02
2023-03-20,26.3,25.9,26.65,25.75,601.45K,0.65%,25.91,25.20142857142857,24.88190476190476,0.6184119446889903,26.13,26.5,26.54
2023-03-21,26.9,26.47,27.3,26.31,710.57K,2.28%,26.08428571428571,25.437142857142856,25.00809523809524,0.7081868195817145,26.3,26.13,26.5
2023-03-22,26.06,26.88,27.1,26.05,179.24K,-3.12%,26.207142857142856,25.62357142857143,25.08714285714285,0.5947188211173192,26.9,26.3,26.13
2023-03-24,25.99,26.01,26.01,25.11,93.15K,-0.27%,26.345714285714283,25.67642857142857,25.135238095238098,0.3228961206992257,26.06,26.9,26.3
2023-03-27,25.5,25.8,26.01,25.5,94.17K,-1.89%,26.197142857142858,25.726428571428567,25.20142857142857,0.4375200675677715,25.99,26.06,26.9
2023-03-28,26.69,25.65,26.8,25.5,313.88K,4.67%,26.22428571428572,25.865,25.33857142857143,0.4645017812265133,25.5,25.99,26.06
2023-03-29,25.98,26.79,26.79,25.6,104.41K,-2.66%,26.20285714285714,25.981428571428573,25.41619047619048,0.4729592754045259,26.69,25.5,25.99
2023-03-30,25.7,25.98,25.98,25.5,68.24K,-1.08%,26.117142857142856,26.013571428571428,25.506666666666668,0.5056584580437379,25.98,26.69,25.5
2023-03-31,25.55,25.8,25.8,25.35,48.17K,-0.58%,25.92428571428572,26.004285714285714,25.59952380952381,0.4046750607124074,25.7,25.98,26.69
2023-04-03,25.69,25.49,25.71,25.49,65.11K,0.55%,25.871428571428574,26.039285714285715,25.70619047619048,0.4081432988322064,25.55,25.7,25.98
2023-04-04,25.5,25.21,25.9,25.2,77.55K,-0.74%,25.801428571428573,26.073571428571427,25.71809523809524,0.4260449339153865,25.69,25.55,25.7
2023-04-05,25.5,25.89,25.89,25.46,55.73K,0.00%,25.801428571428573,25.999285714285715,25.75142857142857,0.4260449339153865,25.5,25.69,25.55
2023-04-06,26.0,25.78,26.25,25.62,107.10K,1.96%,25.702857142857145,25.96357142857143,25.81095238095238,0.2125021008315409,25.5,25.5,25.69
2023-04-07,25.7,26.09,26.1,25.4,53.93K,-1.15%,25.662857142857145,25.93285714285714,25.875238095238096,0.174615223251439,26.0,25.5,25.5
2023-04-10,25.5,25.65,25.84,25.32,45.46K,-0.78%,25.63428571428572,25.875714285714285,25.88714285714285,0.1836534002659463,25.7,26.0,25.5
2023-04-11,25.35,25.86,25.86,25.25,45.98K,-0.59%,25.60571428571429,25.765,25.871428571428574,0.2122778951341281,25.5,25.7,26.0
2023-04-12,25.35,25.82,25.82,25.15,88.16K,0.00%,25.557142857142857,25.714285714285715,25.878571428571423,0.2280872848812015,25.35,25.5,25.7
2023-04-13,25.99,25.69,26.4,25.36,319.31K,2.52%,25.627142857142854,25.714285714285715,25.9247619047619,0.2774715772672001,25.35,25.35,25.5
2023-04-17,25.67,25.72,26.0,25.67,20.55K,-1.23%,25.65142857142857,25.72642857142857,25.883333333333336,0.2718718185376306,25.99,25.35,25.35
2023-04-18,25.5,25.6,25.7,25.5,48.22K,-0.66%,25.58,25.641428571428573,25.83571428571429,0.2270095445878938,25.67,25.99,25.35
2023-04-19,25.61,25.61,25.75,25.6,29.22K,0.43%,25.56714285714286,25.615,25.81095238095238,0.22156370684556,25.5,25.67,25.99
2023-04-20,25.6,25.6,25.84,25.04,68.68K,-0.04%,25.58142857142857,25.607857142857146,25.777619047619044,0.2197292706528242,25.61,25.5,25.67
2023-04-26,25.45,25.25,25.75,25.25,132.66K,-0.59%,25.595714285714287,25.60071428571429,25.708571428571428,0.2049273971334936,25.6,25.61,25.5
2023-04-27,26.15,25.48,27.0,25.26,860.86K,2.75%,25.71,25.63357142857143,25.712857142857143,0.2605762844172022,25.45,25.6,25.61
2023-04-28,26.86,25.53,27.89,25.53,2.94M,2.72%,25.83428571428572,25.73071428571429,25.754285714285714,0.5071770612214748,26.15,25.45,25.6
2023-05-02,26.28,26.9,27.2,26.2,569.26K,-2.16%,25.92142857142857,25.78642857142857,25.79142857142857,0.5262897988576605,26.86,26.15,25.45
2023-05-03,25.75,26.5,26.66,25.71,1.23M,-2.02%,25.957142857142856,25.768571428571427,25.746666666666663,0.5007898523244675,26.28,26.86,26.15
2023-05-04,25.51,25.85,26.35,25.51,716.88K,-0.93%,25.942857142857143,25.755000000000003,25.72428571428571,0.5136053700957196,25.75,26.28,26.86
2023-05-05,25.5,25.87,25.87,25.39,233.51K,-0.04%,25.928571428571427,25.755000000000003,25.714761904761904,0.5259730212171566,25.51,25.75,26.28
2023-05-08,24.75,25.6,25.64,24.7,212.23K,-2.94%,25.828571428571426,25.71214285714285,25.676666666666662,0.6769891326417035,25.5,25.51,25.75
2023-05-09,24.16,24.99,25.0,24.0,189.08K,-2.38%,25.54428571428572,25.627142857142854,25.603809523809527,0.9004601998029903,24.75,25.5,25.51
2023-05-10,24.15,23.75,24.49,23.75,317.21K,-0.04%,25.15714285714285,25.49571428571429,25.53952380952381,0.819424885427456,24.16,24.75,25.5
2023-05-11,24.65,24.34,25.88,24.21,476.59K,2.07%,24.92428571428572,25.422857142857143,25.49904761904762,0.6640245262256649,24.15,24.16,24.75
2023-05-12,24.39,24.51,24.9,24.11,269.42K,-1.05%,24.73,25.34357142857143,25.42238095238095,0.5751811308918027,24.65,24.15,24.16
2023-05-15,24.15,24.05,24.5,24.01,83.73K,-0.98%,24.535714285714285,25.23928571428572,25.348571428571432,0.4913877336305174,24.39,24.65,24.15
2023-05-16,23.91,24.25,24.59,23.78,1.01M,-0.99%,24.30857142857143,25.118571428571425,25.272857142857145,0.3025683708655631,24.15,24.39,24.65
2023-05-17,23.97,24.0,24.45,23.8,1.25M,0.25%,24.197142857142858,25.012857142857143,25.20714285714286,0.2523697212248212,23.91,24.15,24.39
2023-05-18,23.6,24.23,24.23,23.5,182.21K,-1.54%,24.117142857142856,24.830714285714286,25.123809523809523,0.3397407975566424,23.97,23.91,24.15
2023-05-19,23.86,23.5,24.69,23.31,3.27M,1.10%,24.075714285714287,24.61642857142857,25.02238095238096,0.3525080208484863,23.6,23.97,23.91
2023-05-22,23.4,24.12,24.19,23.32,325.92K,-1.93%,23.897142857142857,24.410714285714285,24.91428571428572,0.3289232071336412,23.86,23.6,23.97
2023-05-23,23.03,23.78,23.78,23.02,241.72K,-1.58%,23.702857142857145,24.216428571428573,24.796666666666667,0.385992844740768,23.4,23.86,23.6
2023-05-24,23.15,23.3,23.31,23.09,281.70K,0.52%,23.56,24.04785714285714,24.679523809523808,0.3778888725546016,23.03,23.4,23.86
2023-05-25,22.5,23.49,23.49,22.45,288.98K,-2.81%,23.358571428571427,23.833571428571425,24.53190476190476,0.5121662676464186,23.15,23.03,23.4
2023-05-26,22.05,22.57,22.99,21.8,675.35K,-2.00%,23.08428571428572,23.640714285714285,24.37,0.630577966177961,22.5,23.15,23.03
2023-05-29,21.99,22.2,22.7,21.85,364.68K,-0.27%,22.85428571428572,23.485714285714288,24.171904761904763,0.7008294405648602,22.05,22.5,23.15
2023-05-30,22.18,21.71,22.37,21.7,308.22K,0.86%,22.61428571428572,23.345,23.94904761904762,0.5754666843201628,21.99,22.05,22.5
2023-05-31,22.0,22.25,22.4,21.86,116.59K,-0.81%,22.41428571428571,23.15571428571429,23.745238095238097,0.4944645974139748,22.18,21.99,22.05
2023-06-01,22.15,22.1,22.25,22.02,230.15K,0.68%,22.288571428571423,22.99571428571429,23.573809523809523,0.4177490702740158,22.0,22.18,21.99
2023-06-02,22.1,22.23,22.4,21.9,232.57K,-0.23%,22.13857142857143,22.84928571428572,23.41142857142857,0.1746833870601243,22.15,22.0,22.18
2023-06-05,22.45,22.3,22.47,21.9,362.12K,1.58%,22.13142857142857,22.745,23.26619047619048,0.1576312756026862,22.1,22.15,22.0
2023-06-06,23.05,22.61,24.04,22.51,5.96M,2.67%,22.27428571428572,22.679285714285715,23.18523809523809,0.3749158635779809,22.45,22.1,22.15
2023-06-07,22.88,23.2,23.34,22.7,703.59K,-0.74%,22.40142857142857,22.627857142857145,23.124285714285715,0.4115591723938089,23.05,22.45,22.1
2023-06-08,22.8,22.66,23.3,22.66,364.90K,-0.35%,22.49,22.55214285714285,23.06,0.4225320500670482,22.88,23.05,22.45
2023-06-09,22.85,22.73,23.0,22.73,167.05K,0.22%,22.611428571428576,22.512857142857143,22.97428571428572,0.3780400583467595,22.8,22.88,23.05
2023-06-12,22.65,22.75,22.87,22.29,317.24K,-0.88%,22.68285714285714,22.485714285714288,22.891428571428573,0.3189417023914374,22.85,22.8,22.88
2023-06-13,22.35,22.65,22.99,22.35,289.88K,-1.32%,22.71857142857144,22.428571428571427,22.805714285714284,0.2491604952264559,22.65,22.85,22.8
2023-06-14,22.5,22.4,22.89,22.35,844.94K,0.67%,22.72571428571428,22.428571428571427,22.73857142857143,0.2407527876524909,22.35,22.65,22.85
2023-06-15,22.51,22.55,23.3,22.47,1.25M,0.04%,22.648571428571422,22.46142857142857,22.669047619047618,0.2030950985330658,22.5,22.35,22.65
2023-06-16,22.41,22.7,22.74,22.3,114.27K,-0.44%,22.58142857142857,22.49142857142857,22.61238095238096,0.1911743158694514,22.51,22.5,22.35
2023-06-19,21.51,22.22,22.34,21.46,342.16K,-4.02%,22.397142857142857,22.443571428571428,22.50047619047619,0.4246062601881911,22.41,22.51,22.5
2023-06-20,21.64,21.42,21.99,21.2,114.09K,0.60%,22.22428571428572,22.41785714285714,22.416666666666668,0.4547474442982124,21.51,22.41,22.51
2023-06-21,21.45,21.85,21.85,21.4,149.64K,-0.88%,22.052857142857142,22.367857142857144,22.341428571428573,0.4921623812567556,21.64,21.51,22.41
2023-06-22,21.5,21.3,21.51,21.07,120.19K,0.23%,21.93142857142857,22.325,22.262857142857143,0.5111238783779569,21.45,21.64,21.51
2023-06-23,20.8,21.5,21.5,20.5,933.52K,-3.26%,21.68857142857143,22.207142857142856,22.18190476190476,0.5932236388705209,21.5,21.45,21.64
2023-06-26,21.46,21.45,22.0,21.0,955.69K,3.17%,21.53857142857143,22.09357142857143,22.153809523809525,0.4710777915745724,20.8,21.5,21.45
2023-06-27,21.3,21.8,21.8,21.3,117.44K,-0.75%,21.38,21.98071428571429,22.12095238095238,0.274772633281563,21.46,20.8,21.5
2023-07-03,22.94,22.94,22.94,22.54,979.49K,7.70%,21.58428571428572,21.990714285714287,22.15714285714286,0.6554351517089473,21.3,21.46,20.8
2023-07-04,23.15,23.2,23.64,22.45,1.13M,0.92%,21.8,22.01214285714286,22.21190476190476,0.8850800340461685,22.94,21.3,21.46
2023-07-05,23.0,23.3,23.49,22.95,453.71K,-0.65%,22.02142857142857,22.037142857142857,22.25238095238096,0.9724955624824868,23.15,22.94,21.3
2023-07-06,24.09,23.35,24.5,22.85,1.73M,4.74%,22.391428571428573,22.16142857142857,22.347142857142856,1.2057698587962282,23.0,23.15,22.94
2023-07-07,24.5,24.25,24.6,23.9,647.83K,1.70%,22.92,22.304285714285715,22.444761904761908,1.2028438524321754,24.09,23.0,23.15
2023-07-10,24.91,24.75,25.5,24.61,1.82M,1.67%,23.412857142857145,22.47571428571429,22.53333333333333,1.2116891004672117,24.5,24.09,23.0
2023-07-11,24.8,25.3,25.5,24.55,1.16M,-0.44%,23.912857142857145,22.64642857142857,22.624761904761904,0.8678654712517734,24.91,24.5,24.09
2023-07-12,24.2,24.8,24.8,24.0,477.53K,-2.42%,24.092857142857145,22.83857142857143,22.69142857142857,0.7559037479673393,24.8,24.91,24.5
2023-07-13,24.59,24.71,25.7,24.39,3.38M,1.61%,24.298571428571428,23.04928571428572,22.77428571428572,0.6442418948254003,24.2,24.8,24.91
2023-07-14,24.6,24.75,24.92,24.25,775.02K,0.04%,24.527142857142856,23.27428571428572,22.867142857142856,0.2969688134991433,24.59,24.2,24.8
2023-07-17,24.02,24.64,24.65,24.02,430.14K,-2.36%,24.51714285714285,23.45428571428571,22.946666666666665,0.3147863977224689,24.6,24.59,24.2
2023-07-18,23.86,24.15,24.2,23.76,218.07K,-0.67%,24.425714285714285,23.672857142857143,23.01142857142857,0.4015742829944572,24.02,24.6,24.59
2023-07-19,23.24,23.7,23.98,23.23,338.54K,-2.60%,24.187142857142856,23.8,23.04619047619048,0.5386004791968458,23.86,24.02,24.6
2023-07-20,23.66,23.22,23.9,23.05,302.98K,1.81%,24.02428571428572,23.96857142857143,23.10571428571429,0.4928102117067903,23.24,23.86,24.02
2023-07-21,23.65,23.85,24.24,23.5,459.02K,-0.04%,23.945714285714285,24.01928571428571,23.207619047619048,0.5038471045490753,23.66,23.24,23.86
2023-07-24,23.6,23.85,24.3,23.6,1.18M,-0.21%,23.804285714285715,24.051428571428573,23.300952380952385,0.4257486403530587,23.65,23.66,23.24
2023-07-25,23.6,24.15,24.15,23.4,698.94K,0.00%,23.66142857142857,24.094285714285714,23.40333333333333,0.2426539766447609,23.6,23.65,23.66
2023-07-26,23.91,23.65,24.2,23.62,1.52M,1.31%,23.645714285714284,24.08142857142857,23.51809523809524,0.2178575331781474,23.6,23.6,23.65
2023-07-27,23.58,24.0,24.14,23.44,760.36K,-1.38%,23.60571428571429,24.015714285714285,23.65047619047619,0.1966263074017952,23.91,23.6,23.6
2023-07-31,23.49,23.5,23.9,23.4,1.87M,-0.38%,23.641428571428573,23.914285714285715,23.74714285714285,0.1308215796986423,23.58,23.91,23.6
2023-08-01,24.0,23.79,24.6,23.6,3.60M,2.17%,23.69,23.857142857142858,23.875714285714285,0.1890326250516001,23.49,23.58,23.91
2023-08-02,24.61,24.25,25.15,23.92,5.48M,2.54%,23.827142857142857,23.88642857142857,23.95523809523809,0.3931799539537204,24.0,23.49,23.58
2023-08-03,24.6,24.66,25.8,24.2,7.83M,-0.04%,23.97,23.88714285714286,24.02428571428572,0.4708856903048933,24.61,24.0,23.49
2023-08-04,24.51,24.45,24.7,24.16,506.33K,-0.37%,24.1,23.880714285714284,24.096190476190475,0.4772839825518875,24.6,24.61,24.0
2023-08-07,24.2,24.64,25.2,24.12,1.79M,-1.26%,24.141428571428573,23.89357142857143,24.10142857142857,0.4705822128472471,24.51,24.6,24.61
2023-08-08,23.48,24.02,24.25,23.3,830.42K,-2.98%,24.127142857142854,23.86642857142857,24.052857142857142,0.4915185410450637,24.2,24.51,24.6
2023-08-09,23.5,23.0,23.68,23.0,906.55K,0.09%,24.128571428571423,23.885,23.985714285714284,0.4893679110664531,23.48,24.2,24.51
2023-08-10,23.35,23.7,23.7,23.02,229.95K,-0.64%,24.035714285714285,23.86285714285714,23.916666666666668,0.5724467120141623,23.5,23.48,24.2
2023-08-11,23.03,23.26,23.58,22.9,417.66K,-1.37%,23.81,23.818571428571428,23.86095238095238,0.6179536120674781,23.35,23.5,23.48
2023-08-15,22.91,23.11,23.28,22.81,977.27K,-0.52%,23.56857142857143,23.76928571428571,23.78095238095238,0.5872372766166878,23.03,23.35,23.5
2023-08-16,22.95,22.9,22.98,22.75,264.55K,0.17%,23.345714285714283,23.722857142857144,23.70238095238096,0.4505129351777366,22.91,23.03,23.35
2023-08-17,23.0,22.73,23.01,22.72,173.38K,0.22%,23.17428571428572,23.657857142857143,23.653809523809525,0.2587699842764845,22.95,22.91,23.03
2023-08-18,22.83,23.0,23.09,22.73,941.28K,-0.74%,23.08142857142857,23.604285714285712,23.604761904761904,0.2471456096747327,23.0,22.95,22.91
2023-08-21,22.0,22.6,22.98,21.5,496.89K,-3.64%,22.867142857142856,23.49785714285714,23.545714285714286,0.4162016452686625,22.83,23.0,22.95
2023-08-22,21.85,22.15,22.15,21.8,111.62K,-0.68%,22.65285714285714,23.344285714285714,23.45952380952381,0.5032134830510103,22.0,22.83,23.0
2023-08-23,21.85,22.0,22.0,21.7,92.99K,0.00%,22.48428571428571,23.147142857142857,23.373809523809523,0.5511762314321509,21.85,22.0,22.83
2023-08-24,21.9,21.85,22.44,21.76,229.00K,0.23%,22.34,22.95428571428572,23.29285714285714,0.5533534132907304,21.85,21.85,22.0
2023-08-25,21.72,22.11,22.37,21.7,886.27K,-0.82%,22.164285714285715,22.755000000000003,23.203333333333333,0.5217552792536589,21.9,21.85,21.85
2023-08-28,21.53,21.92,21.92,21.5,215.95K,-0.87%,21.95428571428572,22.56428571428572,23.09,0.4140393356059917,21.72,21.9,21.85
2023-08-29,21.15,21.51,21.78,21.02,276.07K,-1.76%,21.714285714285715,22.39785714285714,22.97428571428572,0.2902215902186434,21.53,21.72,21.9
2023-08-30,20.81,21.3,21.44,20.81,364.55K,-1.61%,21.54428571428572,22.205714285714286,22.846666666666664,0.4161673198314545,21.15,21.53,21.72
2023-08-31,20.23,20.81,21.05,19.75,681.91K,-2.79%,21.312857142857144,21.982857142857146,22.667142857142856,0.6188891738625381,20.81,21.15,21.53
2023-09-01,19.49,20.0,20.09,19.07,942.67K,-3.66%,20.97571428571429,21.73,22.42333333333333,0.8695565372240025,20.23,20.81,21.15
2023-09-04,19.72,19.55,19.98,19.45,538.21K,1.18%,20.664285714285715,21.502142857142854,22.190952380952385,0.8737249212971137,19.49,20.23,20.81
2023-09-05,19.65,19.95,19.95,19.5,208.46K,-0.35%,20.368571428571425,21.266428571428573,21.95952380952381,0.8044134213085616,19.72,19.49,20.23
2023-09-06,20.13,19.87,20.25,19.53,223.27K,2.44%,20.16857142857143,21.06142857142857,21.765714285714285,0.6205489121586895,19.65,19.72,19.49
2023-09-07,19.99,20.02,20.4,19.8,380.63K,-0.70%,20.002857142857145,20.85857142857143,21.59952380952381,0.444773885838838,20.13,19.65,19.72
2023-09-08,20.0,20.01,20.21,19.83,268.24K,0.05%,19.88714285714286,20.715714285714288,21.432857142857145,0.2713370773119151,19.99,20.13,19.65
2023-09-11,19.97,20.2,20.49,19.72,901.42K,-0.15%,19.85,20.58142857142857,21.27190476190476,0.231444737825311,20.0,19.99,20.13
2023-09-12,19.97,19.9,20.0,19.7,230.03K,0.00%,19.91857142857143,20.447142857142858,21.12619047619048,0.1699439683581527,19.97,20.0,19.99
2023-09-13,19.94,20.05,20.05,19.8,169.70K,-0.15%,19.95,20.307142857142857,20.984761904761903,0.1457166199638866,19.97,19.97,20.0
2023-09-14,20.13,20.07,20.26,19.89,191.47K,0.95%,20.018571428571427,20.19357142857143,20.85047619047619,0.0784067538416818,19.94,19.97,19.97
2023-09-15,20.06,20.15,20.4,20.0,187.55K,-0.35%,20.00857142857143,20.08857142857143,20.7104761904762,0.0651737604254152,20.13,19.94,19.97
2023-09-18,20.0,20.1,20.15,19.87,105.36K,-0.30%,20.01,20.00642857142857,20.575714285714287,0.0648074069869368,20.06,20.13,19.94
2023-09-19,20.25,19.72,20.4,19.72,472.73K,1.25%,20.045714285714286,19.966428571428573,20.492380952380955,0.1108838946628911,20.0,20.06,20.13
2023-09-20,20.6,20.18,21.03,20.18,1.15M,1.73%,20.135714285714283,19.99285714285714,20.43285714285714,0.2304240397519708,20.25,20.0,20.06
2023-09-21,21.3,20.88,21.45,20.49,1.69M,3.40%,20.325714285714287,20.12214285714285,20.406666666666663,0.4820047421229014,20.6,20.25,20.0
2023-09-22,20.95,21.5,21.5,20.8,615.89K,-1.64%,20.47,20.21,20.36142857142857,0.4981967482836509,21.3,20.6,20.25
2023-09-25,20.8,20.95,21.15,20.67,337.34K,-0.72%,20.56571428571429,20.292142857142856,20.317619047619047,0.4862049342567885,20.95,21.3,20.6
2023-09-26,20.6,20.85,21.0,20.55,788.88K,-0.96%,20.642857142857142,20.325714285714287,20.273333333333333,0.4324624949336351,20.8,20.95,21.3
